2026-03-04 17:39:47,mr_hours,2.0,1,0,0
2026-03-04 17:39:47,streamelements,1.0,0,1,0
2026-03-04 17:39:47,xowilough,1.0,0,0,1
2026-03-04 17:39:47,ofaurax,0.0,0,0,0
2026-03-03 16:04:09,nie_zabija,7.0,1,0,0
2026-03-03 16:04:09,streamelements,1.0,0,1,0
2026-03-03 16:04:09,pea4ce,1.0,0,0,1
2026-03-03 16:04:09,xowilough,0.0,0,0,0
2026-03-03 16:04:09,ghostdaddy,0.0,0,0,0
2026-03-02 15:55:44,robodom_,50.5,1,0,0
2026-03-02 15:55:44,fossunleashed,4.0,0,1,0
2026-03-02 15:55:44,startrailsociety,3.0,0,0,1
2026-03-02 15:55:44,streamelements,2.0,0,0,0
2026-03-02 15:55:44,theyagich,2.0,0,0,0
2026-03-02 15:55:44,doveloveloft,0.0,0,0,0
2026-03-01 00:09:57,robodom_,148.5,1,0,0
2026-03-01 00:09:57,theyagich,120.0,0,1,0
2026-03-01 00:09:57,leathalerror,20.0,0,0,1
2026-03-01 00:09:57,arminkazim,15.0,0,0,0
2026-03-01 00:09:57,luluscupcake,1.0,0,0,0
2026-03-01 00:09:57,stephensaggyball,1.0,0,0,0
2026-03-01 00:09:57,grayhatter_,1.0,0,0,0
2026-03-01 00:09:57,streamelements,0.0,0,0,0
2026-03-01 00:09:57,jdsfighter,0.0,0,0,0
2026-02-26 15:39:50,theyagich,13.5,1,0,0
2026-02-26 15:39:50,streamelements,1.0,0,1,0
2026-02-26 15:39:50,onedollarisallineed,1.0,0,0,1
2026-02-26 15:39:50,xowilough,0.0,0,0,0
2026-02-25 16:15:21,sockheadrps,14.0,1,0,0
2026-02-25 16:15:21,theidentitybooth,3.0,0,1,0
2026-02-25 16:15:21,ghostdaddy,2.0,0,0,1
2026-02-25 16:15:21,mattbirdsquest,2.0,0,0,0
2026-02-25 16:15:21,streamelements,0.0,0,0,0
2026-02-25 16:15:21,peoples923,0.0,0,0,0
2026-02-24 16:24:54,robodom_,65.5,1,0,0
2026-02-24 16:24:54,theyagich,11.0,0,1,0
2026-02-24 16:24:54,streamelements,1.0,0,0,1
2026-02-24 16:24:54,gizzabell2049,1.0,0,0,0
2026-02-24 16:24:54,ategev,1.0,0,0,0
2026-02-24 16:24:54,peoples923,0.0,0,0,0
2026-02-24 16:24:54,caingodtier,0.0,0,0,0
2026-02-24 16:24:54,justbraaay,0.0,0,0,0
2026-02-20 16:13:30,robodom_,17.0,1,0,0
2026-02-20 16:13:30,streamelements,1.0,0,1,0
2026-02-20 16:13:30,xowilough,0.0,0,0,1
2026-02-20 16:13:30,famishedintegral,0.0,0,0,0
2026-02-19 00:48:04,robodom_,73.0,1,0,0
2026-02-19 00:48:04,theyagich,25.0,0,1,0
2026-02-19 00:48:04,productivetime,17.0,0,0,1
2026-02-19 00:48:04,robotech83,15.0,0,0,0
2026-02-19 00:48:04,axiomofinfinity,10.0,0,0,0
2026-02-19 00:48:04,jdsfighter,10.0,0,0,0
2026-02-19 00:48:04,arminkazim,9.0,0,0,0
2026-02-19 00:48:04,rumpelforcekin,2.0,0,0,0
2026-02-19 00:48:04,streamelements,1.0,0,0,0
2026-02-19 00:48:04,lilsafbig,1.0,0,0,0
2026-02-19 00:48:04,daveysunofficialson,1.0,0,0,0
2026-02-19 00:48:04,jtwoxx,0.0,0,0,0
2026-02-19 00:48:04,theidentitybooth,0.0,0,0,0
2026-02-18 16:49:14,robodom_,41.0,1,0,0
2026-02-18 16:49:14,theyagich,24.0,0,1,0
2026-02-18 16:49:14,axiomofinfinity,10.0,0,0,1
2026-02-18 16:49:14,arminkazim,9.0,0,0,0
2026-02-18 16:49:14,streamelements,1.0,0,0,0
2026-02-18 16:49:14,lilsafbig,1.0,0,0,0
2026-02-18 16:49:14,jtwoxx,0.0,0,0,0
2026-02-18 16:49:14,theidentitybooth,0.0,0,0,0
2026-02-17 16:09:16,robodom_,54.0,1,0,0
2026-02-17 16:09:16,theyagich,9.0,0,1,0
2026-02-17 16:09:16,tvjosh,5.0,0,0,1
2026-02-17 16:09:16,streamelements,1.0,0,0,0
2026-02-17 16:09:16,bigmaq2k,0.0,0,0,0
2026-02-17 16:09:16,arminkazim,0.0,0,0,0
2026-02-13 14:00:41,poopuhchoo,229.5,1,0,0
2026-02-13 14:00:41,theyagich,126.5,0,1,0
2026-02-13 14:00:41,stephensaggyball,16.5,0,0,1
2026-02-13 14:00:41,kromantiking,14.0,0,0,0
2026-02-13 14:00:41,midnight_simon,9.0,0,0,0
2026-02-13 14:00:41,famishedintegral,6.0,0,0,0
2026-02-13 14:00:41,that_onion,4.0,0,0,0
2026-02-13 14:00:41,jdsfighter,3.0,0,0,0
2026-02-13 14:00:41,streamelements,0.0,0,0,0
2026-02-13 14:00:41,xowilough,0.0,0,0,0
2026-02-13 14:00:41,lakota_indian,0.0,0,0,0
2026-02-13 13:59:37,poopuhchoo,224.5,1,0,0
2026-02-13 13:59:37,theyagich,124.5,0,1,0
2026-02-13 13:59:37,stephensaggyball,16.5,0,0,1
2026-02-13 13:59:37,kromantiking,14.0,0,0,0
2026-02-13 13:59:37,midnight_simon,9.0,0,0,0
2026-02-13 13:59:37,famishedintegral,6.0,0,0,0
2026-02-13 13:59:37,that_onion,4.0,0,0,0
2026-02-13 13:59:37,jdsfighter,3.0,0,0,0
2026-02-13 13:59:37,streamelements,0.0,0,0,0
2026-02-13 13:59:37,xowilough,0.0,0,0,0
2026-02-13 13:59:37,lakota_indian,0.0,0,0,0
2026-02-12 01:43:26,robodom_,99.5,1,0,0
2026-02-12 01:43:26,robotech83,34.0,0,1,0
2026-02-12 01:43:26,bunnie_bytes,5.5,0,0,1
2026-02-10 15:48:19,robodom_,43.0,1,0,0
2026-02-10 15:48:19,theyagich,17.5,0,1,0
2026-02-10 15:48:19,streamelements,1.0,0,0,1
2026-02-10 15:48:19,typeerrordev,0.0,0,0,0
2026-02-10 15:48:19,localdevmechanic,0.0,0,0,0
2026-02-10 15:48:19,robsepops,0.0,0,0,0
2026-02-10 15:48:19,stephensaggyball,0.0,0,0,0
2026-02-10 15:48:19,arminkazim,0.0,0,0,0
2026-02-10 00:04:29,robodom_,126.0,1,0,0
2026-02-10 00:04:29,superstayup,31.0,0,1,0
2026-02-10 00:04:29,theyagich,24.5,0,0,1
2026-02-10 00:04:29,removejordan,9.5,0,0,0
2026-02-10 00:04:29,foundrey,7.0,0,0,0
2026-02-10 00:04:29,famishedintegral,6.0,0,0,0
2026-02-09 16:11:05,robodom_,66.5,1,0,0
2026-02-09 16:11:05,renerod1,4.0,0,1,0
2026-02-09 16:11:05,xowilough,3.0,0,0,1
2026-02-09 16:11:05,arminkazim,1.0,0,0,0
2026-02-09 16:11:05,streamelements,0.0,0,0,0
2026-02-04 00:29:09,miniscruff,58.5,1,0,0
2026-02-04 00:29:09,theyagich,48.0,0,1,0
2026-02-04 00:29:09,robotech83,24.0,0,0,1
2026-02-04 00:29:09,startrailsociety,6.0,0,0,0
2026-02-04 00:29:09,xerioc2,6.0,0,0,0
2026-02-04 00:29:09,typeerrordev,5.0,0,0,0
2026-02-04 00:29:09,startraillabs,5.0,0,0,0
2026-02-04 00:29:09,justcovino,5.0,0,0,0
2026-02-04 00:29:09,ghostdaddy,3.0,0,0,0
2026-02-04 00:29:09,streamelements,1.0,0,0,0
2026-02-04 00:29:09,arminkazim,1.0,0,0,0
2026-02-04 00:29:09,andrewsovetkin13,0.0,0,0,0
2026-02-04 00:29:09,ozookev,0.0,0,0,0
2026-02-04 00:29:09,metadevgirl,0.0,0,0,0
2026-02-02 15:37:52,theyagich,34.0,1,0,0
2026-02-02 15:37:52,typeerrordev,4.0,0,1,0
2026-02-02 15:37:52,streamelements,1.0,0,0,1
2026-02-02 15:37:52,arminkazim,1.0,0,0,0
2026-02-02 15:37:52,andrewsovetkin13,0.0,0,0,0
2026-02-02 15:37:52,ghostdaddy,0.0,0,0,0
2026-02-02 15:37:52,ozookev,0.0,0,0,0
2026-02-02 15:37:52,metadevgirl,0.0,0,0,0
2026-02-01 00:17:29,robodom_,81.0,1,0,0
2026-02-01 00:17:29,renerod1,27.5,0,1,0
2026-02-01 00:17:29,staticgamerg,0.0,0,0,1
2026-01-30 16:41:17,robodom_,98.5,1,0,0
2026-01-30 16:41:17,theyagich,73.0,0,1,0
2026-01-30 16:41:17,arminkazim,24.0,0,0,1
2026-01-30 16:41:17,famishedintegral,16.0,0,0,0
2026-01-30 16:41:17,dollabill_mcneal,11.0,0,0,0
2026-01-30 16:41:17,streamelements,1.0,0,0,0
2026-01-29 16:41:42,theyagich,8.5,1,0,0
2026-01-29 16:41:42,streamelements,2.0,0,1,0
2026-01-29 16:41:42,idizzy0,1.0,0,0,1
2026-01-28 16:35:05,renerod1,7.0,1,0,0
2026-01-28 16:35:05,melodicangie,3.0,0,1,0
2026-01-28 16:35:05,streamelements,2.0,0,0,1
2026-01-28 16:35:05,theyagich,2.0,0,0,0
2026-01-28 16:35:05,arminkazim,0.0,0,0,0
2026-01-26 23:52:54,theyagich,90.0,1,0,0
2026-01-26 23:52:54,robodom_,85.0,0,1,0
2026-01-26 23:52:54,qacta,21.0,0,0,1
2026-01-26 23:52:54,stephenballball,5.0,0,0,0
2026-01-26 23:52:54,hansohai,3.0,0,0,0
2026-01-26 15:42:53,robodom_,39.5,1,0,0
2026-01-26 15:42:53,homerttdi,10.5,0,1,0
2026-01-26 15:42:53,theyagich,8.0,0,0,1
2026-01-26 15:42:53,arminkazim,5.0,0,0,0
2026-01-26 15:42:53,streamelements,1.0,0,0,0
2026-01-23 17:26:38,all_seeing_cod,7.0,1,0,0
2026-01-23 17:26:38,arminkazim,3.0,0,1,0
2026-01-23 17:26:38,standardpointer,3.0,0,0,1
2026-01-23 17:26:38,streamelements,2.0,0,0,0
2026-01-23 17:26:38,theyagich,2.0,0,0,0
2026-01-23 17:26:38,avulsed87,1.0,0,0,0
2026-01-22 16:09:35,theyagich,10.0,1,0,0
2026-01-22 16:09:35,arminkazim,5.0,0,1,0
2026-01-22 16:09:35,streamelements,1.0,0,0,1
2026-01-22 16:09:35,theidentitybooth,1.0,0,0,0
2026-01-21 17:33:17,theyagich,20.0,1,0,0
2026-01-21 17:33:17,pea4ce,5.0,0,1,0
2026-01-21 17:33:17,nimbus7x,5.0,0,0,1
2026-01-21 17:33:17,thecodedrift,5.0,0,0,0
2026-01-21 17:33:17,brainglobule,5.0,0,0,0
2026-01-21 17:33:17,streamelements,2.0,0,0,0
2026-01-21 17:33:17,startraillabs,1.0,0,0,0
2026-01-21 17:33:17,robodom_,1.0,0,0,0
2026-01-21 17:33:17,rainbowcatmom,0.0,0,0,0
2026-01-21 17:33:17,tabbythepanda,0.0,0,0,0
2026-01-21 17:33:17,galdertongaming,0.0,0,0,0
2026-01-21 17:33:17,ruggmatt,0.0,0,0,0
2026-01-21 17:33:17,itryedtobecre8v,0.0,0,0,0
2026-01-21 17:33:17,jesterneo1,0.0,0,0,0
2026-01-21 17:33:17,klontwitch,0.0,0,0,0
2026-01-21 17:33:17,rocksteddy_,0.0,0,0,0
2026-01-21 17:33:17,araani_swift,0.0,0,0,0
2026-01-21 17:33:17,stargateblue,0.0,0,0,0
2026-01-21 01:41:22,theyagich,75.0,1,0,0
2026-01-21 01:41:22,teknologikaltv,74.5,0,1,0
2026-01-21 01:41:22,robodom_,37.0,0,0,1
2026-01-21 01:41:22,startraillabs,29.0,0,0,0
2026-01-21 01:41:22,miniscruff,22.0,0,0,0
2026-01-21 01:41:22,robotech83,21.0,0,0,0
2026-01-21 01:41:22,typeerrordev,20.0,0,0,0
2026-01-21 01:41:22,34638a,5.0,0,0,0
2026-01-21 01:41:22,famishedintegral,2.0,0,0,0
2026-01-21 01:41:22,mertiedevs,0.0,0,0,0
2026-01-21 01:41:22,standardpointer,0.0,0,0,0
2026-01-18 02:14:21,poopuhchoo,15.0,1,0,0
2026-01-18 02:14:21,mattbirdsquest,9.0,0,1,0
2026-01-18 02:14:21,robodom_,8.0,0,0,1
2026-01-18 02:14:21,famishedintegral,1.5,0,0,0
2026-01-18 02:14:21,startraillabs,0.0,0,0,0
2026-01-18 02:14:21,ghostdaddy,0.0,0,0,0
2026-01-16 16:43:48,jasonputtock,45.5,1,0,0
2026-01-16 16:43:48,fknmeqz,31.0,0,1,0
2026-01-16 16:43:48,jack5ons,31.0,0,0,1
2026-01-16 16:43:48,nema_lol,31.0,0,0,0
2026-01-16 16:43:48,bennyboiplaysgames,28.0,0,0,0
2026-01-16 16:43:48,realeyezmore,26.0,0,0,0
2026-01-16 16:43:48,tbkash24,22.0,0,0,0
2026-01-16 16:43:48,berwiell,19.0,0,0,0
2026-01-16 16:43:48,tiboszn,18.5,0,0,0
2026-01-16 16:43:48,vaxi9,17.0,0,0,0
2026-01-16 16:43:48,dhtm977,17.0,0,0,0
2026-01-16 16:43:48,albi618,15.5,0,0,0
2026-01-16 16:43:48,thatmfvon,14.0,0,0,0
2026-01-16 16:43:48,honkhonkhi,13.0,0,0,0
2026-01-16 16:43:48,999skeet,13.0,0,0,0
2026-01-16 16:43:48,ssvmuel,11.0,0,0,0
2026-01-16 16:43:48,the_grounder,9.0,0,0,0
2026-01-16 16:43:48,mannysr13,9.0,0,0,0
2026-01-16 16:43:48,angelmazerati,9.0,0,0,0
2026-01-16 16:43:48,mike8pump,7.0,0,0,0
2026-01-16 16:43:48,zl4sh,6.0,0,0,0
2026-01-16 16:43:48,brightz14_,6.0,0,0,0
2026-01-16 16:43:48,bifinhos,6.0,0,0,0
2026-01-16 16:43:48,simoooch,5.0,0,0,0
2026-01-16 16:43:48,jbamfn,4.0,0,0,0
2026-01-16 16:43:48,drivexamerica,4.0,0,0,0
2026-01-16 16:43:48,zzzman919,3.5,0,0,0
2026-01-16 16:43:48,gg__hams,3.0,0,0,0
2026-01-16 16:43:48,696young,3.0,0,0,0
2026-01-16 16:43:48,madalena933,3.0,0,0,0
2026-01-16 16:43:48,sol_snow,3.0,0,0,0
2026-01-16 16:43:48,poxhy_,3.0,0,0,0
2026-01-16 16:43:48,trenchflippermoney2743,3.0,0,0,0
2026-01-16 16:43:48,bubberducky22,3.0,0,0,0
2026-01-16 16:43:48,freethr0ww,3.0,0,0,0
2026-01-16 16:43:48,tcoopa,3.0,0,0,0
2026-01-16 16:43:48,sen1k2k,3.0,0,0,0
2026-01-16 16:43:48,gostiking,2.0,0,0,0
2026-01-16 16:43:48,viclate,2.0,0,0,0
2026-01-16 16:43:48,remixtedi23,2.0,0,0,0
2026-01-16 16:43:48,enstucky,2.0,0,0,0
2026-01-16 16:43:48,streamelements,1.0,0,0,0
2026-01-16 16:43:48,koalzy1x,1.0,0,0,0
2026-01-16 16:43:48,zyronox,1.0,0,0,0
2026-01-16 16:43:48,fishmandota2,1.0,0,0,0
2026-01-16 16:43:48,ezz1zy,1.0,0,0,0
2026-01-16 16:43:48,biggermannnn,1.0,0,0,0
2026-01-16 16:43:48,artyiwnl,1.0,0,0,0
2026-01-16 16:43:48,bwmeow,1.0,0,0,0
2026-01-16 16:43:48,super1jbaby,1.0,0,0,0
2026-01-16 16:43:48,barismanco23,1.0,0,0,0
2026-01-16 16:43:48,tbm_809,1.0,0,0,0
2026-01-16 16:43:48,icon33,0.0,0,0,0
2026-01-16 16:43:48,adumarrrr,0.0,0,0,0
2026-01-16 16:43:48,xquazys,0.0,0,0,0
2026-01-16 16:43:48,kyanfps,0.0,0,0,0
2026-01-16 16:43:48,peakei_,0.0,0,0,0
2026-01-16 16:43:48,idryx,0.0,0,0,0
2026-01-16 16:43:48,nosa1x,0.0,0,0,0
2026-01-16 16:43:48,s1lverkyn,0.0,0,0,0
2026-01-16 16:43:48,faayte,0.0,0,0,0
2026-01-16 16:43:48,jhpdld,0.0,0,0,0
2026-01-16 16:43:48,m4ss2,0.0,0,0,0
2026-01-15 16:20:27,theyagich,29.0,1,0,0
2026-01-15 16:20:27,wupinyin,20.5,0,1,0
2026-01-15 16:20:27,rusix0,6.0,0,0,1
2026-01-15 16:20:27,streamelements,1.0,0,0,0
2026-01-15 00:16:59,robodom_,63.5,1,0,0
2026-01-15 00:16:59,robotech83,25.5,0,1,0
2026-01-15 00:16:59,famishedintegral,8.0,0,0,1
2026-01-15 00:16:59,javagrunt,3.5,0,0,0
2026-01-15 00:16:59,intensitypro,2.0,0,0,0
2026-01-15 00:16:59,kromantiking,2.0,0,0,0
2026-01-15 00:16:59,streamelements,0.0,0,0,0
2026-01-15 00:16:59,startraillabs,0.0,0,0,0
2026-01-12 23:33:44,theyagich,123.5,1,0,0
2026-01-12 23:33:44,robodom_,81.0,0,1,0
2026-01-12 23:33:44,famistral,28.0,0,0,1
2026-01-12 23:33:44,robotech83,13.0,0,0,0
2026-01-12 23:33:44,startrailsociety,7.0,0,0,0
2026-01-12 23:33:44,hansohai,6.0,0,0,0
2026-01-12 23:33:44,startraillabs,5.0,0,0,0
2026-01-12 23:33:44,streamelements,2.0,0,0,0
2026-01-12 23:33:44,taniwha3,1.0,0,0,0
2026-01-12 23:33:44,arminkazim,1.0,0,0,0
2026-01-12 23:33:44,thepywon,0.0,0,0,0
2026-01-12 16:18:15,robodom_,34.0,1,0,0
2026-01-12 16:18:15,streamelements,2.0,0,1,0
2026-01-12 16:18:15,taniwha3,1.0,0,0,1
2026-01-12 16:18:15,arminkazim,1.0,0,0,0
2026-01-12 16:18:15,thepywon,0.0,0,0,0
2026-01-09 17:42:23,robodom_,50.0,1,0,0
2026-01-09 17:42:23,ghostdaddy,6.0,0,1,0
2026-01-09 17:42:23,theyagich,4.0,0,0,1
2026-01-09 17:42:23,startrailsociety,3.0,0,0,0
2026-01-09 17:42:23,streamelements,2.0,0,0,0
2026-01-09 17:42:23,arminkazim,2.0,0,0,0
2026-01-09 17:42:23,tg_khalil,1.0,0,0,0
2026-01-09 17:42:23,billybobbutterybiscuit,0.0,0,0,0
2026-01-09 17:42:23,mattbirdsquest,0.0,0,0,0
2026-01-08 16:19:08,sockheadrps,50.5,1,0,0
2026-01-08 16:19:08,streamelements,15.0,0,1,0
2026-01-08 16:19:08,livtechsavvy,2.0,0,0,1
2026-01-08 16:19:08,denisbrave_,2.0,0,0,0
2026-01-08 16:19:08,bumtronaut,2.0,0,0,0
2026-01-08 16:19:08,xelxpi,1.0,0,0,0
2026-01-05 15:58:18,konradgryt,56.5,1,0,0
2026-01-05 15:58:18,mertiedevs,23.0,0,1,0
2026-01-05 15:58:18,robodom_,12.0,0,0,1
2026-01-05 15:58:18,bumtronaut,4.0,0,0,0
2026-01-05 15:58:18,streamelements,2.0,0,0,0
2026-01-05 15:58:18,hoist777,0.0,0,0,0
2026-01-04 00:39:23,robodom_,50.5,1,0,0
2026-01-04 00:39:23,famistral,26.0,0,1,0
2026-01-04 00:39:23,startrailsociety,22.5,0,0,1
2026-01-04 00:39:23,robotech83,16.0,0,0,0
2026-01-04 00:39:23,smoofbrainboi,13.0,0,0,0
2026-01-04 00:39:23,renerod1,4.0,0,0,0
2026-01-04 00:39:23,xtremeair21,0.0,0,0,0
2026-01-04 00:39:23,mertiedevs,0.0,0,0,0
2026-01-02 15:51:14,sockheadrps,65.5,1,0,0
2026-01-02 15:51:14,mdsoul,61.5,0,1,0
2026-01-02 15:51:14,theyagich,18.0,0,0,1
2026-01-02 15:51:14,metadevgirl,7.0,0,0,0
2026-01-02 15:51:14,leahtcodes,4.0,0,0,0
2026-01-02 15:51:14,icon33,2.0,0,0,0
2026-01-02 15:51:14,streamelements,1.0,0,0,0
2026-01-02 15:51:14,t3h_danger,1.0,0,0,0
2026-01-02 15:51:14,mattbirdsquest,0.0,0,0,0
2026-01-02 15:51:14,neozyy_kun,0.0,0,0,0
2025-12-29 23:07:23,sockheadrps,89.5,1,0,0
2025-12-29 23:07:23,startrailsociety,6.0,0,1,0
2025-12-29 23:07:23,theyagich,6.0,0,0,1
2025-12-29 23:07:23,famistral,6.0,0,0,0
2025-12-29 23:07:23,rizzcrack,1.0,0,0,0
2025-12-29 23:07:23,miishell,1.0,0,0,0
2025-12-29 23:07:23,a27cap,0.0,0,0,0
2025-12-29 23:07:23,fannyslam,0.0,0,0,0
2025-12-29 23:07:23,staticgamerg,0.0,0,0,0
2025-12-16 16:57:47,robodom_,18.0,1,0,0
2025-12-16 16:57:47,streamelements,1.0,0,1,0
2025-12-16 16:57:47,ttv_dicoo,1.0,0,0,1
2025-12-12 16:23:42,poopuhchoo,160.5,1,0,0
2025-12-12 16:23:42,theyagich,67.5,0,1,0
2025-12-12 16:23:42,robodom_,42.0,0,0,1
2025-12-12 16:23:42,renerod1,13.0,0,0,0
2025-12-12 16:23:42,xowilough,7.0,0,0,0
2025-12-12 16:23:42,sleeptalky,2.0,0,0,0
2025-12-12 16:23:42,streamelements,1.0,0,0,0
2025-12-12 16:23:42,arminkazim,1.0,0,0,0
2025-12-12 16:23:42,dutch_king,0.0,0,0,0
2025-12-10 16:45:36,arminkazim,4.0,1,0,0
2025-12-10 16:45:36,theyagich,2.0,0,1,0
2025-12-10 16:45:36,fordotis10,2.0,0,0,1
2025-12-10 16:45:36,fizzythevisionary,2.0,0,0,0
2025-12-10 16:45:36,dispel000,1.5,0,0,0
2025-12-10 16:45:36,streamelements,0.0,0,0,0
2025-12-08 15:53:29,robodom_,41.0,1,0,0
2025-12-08 15:53:29,theyagich,24.0,0,1,0
2025-12-08 15:53:29,fizzythevisionary,14.0,0,0,1
2025-12-08 15:53:29,getsomefood,11.0,0,0,0
2025-12-08 15:53:29,icon33,9.0,0,0,0
2025-12-08 15:53:29,streamelements,1.0,0,0,0
2025-12-08 15:53:29,arminkazim,0.0,0,0,0
2025-12-08 15:53:29,ewwjavascript,0.0,0,0,0
2025-11-25 16:24:09,theyagich,5.0,1,0,0
2025-11-25 16:24:09,ghostdaddy,0.0,0,1,0
2025-11-25 16:24:09,itsadl,0.0,0,0,1
2025-11-24 15:31:43,theyagich,41.5,1,0,0
2025-11-24 15:31:43,robodom_,27.5,0,1,0
2025-11-24 15:31:43,fizzythevisionary,26.5,0,0,1
2025-11-24 15:31:43,mertiedevs,5.0,0,0,0
2025-11-24 15:31:43,simulakrum,5.0,0,0,0
2025-11-24 15:31:43,streamelements,1.0,0,0,0
2025-11-24 15:31:43,mattbirdsquest,1.0,0,0,0
2025-11-20 16:13:40,robodom_,14.0,1,0,0
2025-11-20 16:13:40,streamelements,1.0,0,1,0
2025-11-20 16:13:40,ragergaming6,1.0,0,0,1
2025-11-20 16:13:40,iconcodes,0.0,0,0,0
2025-11-18 15:59:08,robodom_,24.0,1,0,0
2025-11-18 15:59:08,theyagich,13.0,0,1,0
2025-11-18 15:59:08,arminkazim,2.0,0,0,1
2025-11-18 15:59:08,caramel00071,0.0,0,0,0
2025-11-18 15:59:08,streamelements,0.0,0,0,0
2025-11-18 15:59:08,mattbirdsquest,0.0,0,0,0
2025-11-18 15:59:08,formerlyhomelesssatanist,0.0,0,0,0
2025-11-17 16:54:28,theyagich,92.5,1,0,0
2025-11-17 16:54:28,robodom_,27.0,0,1,0
2025-11-17 16:54:28,icon33,5.0,0,0,1
2025-11-17 16:54:28,renerod1,4.0,0,0,0
2025-11-17 16:54:28,streamelements,1.0,0,0,0
2025-11-17 16:54:28,konradgryt,1.0,0,0,0
2025-11-17 16:54:28,ghostdaddy,0.0,0,0,0
2025-11-17 16:54:28,mertiedevs,0.0,0,0,0
2025-11-17 16:54:28,dfluxstreams,0.0,0,0,0
2025-11-17 16:54:28,arminkazim,0.0,0,0,0
2025-11-17 16:54:28,homerttdi,0.0,0,0,0
2025-11-17 16:54:28,mdsoul,0.0,0,0,0
2025-11-17 16:54:28,coffeethencode,0.0,0,0,0
2025-11-17 16:54:28,poseidon_magna,0.0,0,0,0
2025-11-11 15:51:39,robodom_,19.0,1,0,0
2025-11-11 15:51:39,arminkazim,13.0,0,1,0
2025-11-11 15:51:39,ghostdaddy,1.0,0,0,1
2025-11-11 15:51:39,streamelements,0.0,0,0,0
2025-11-11 15:51:39,famishededitz,-0.5,0,0,0
2025-11-06 15:23:56,theyagich,47.0,1,0,0
2025-11-06 15:23:56,arminkazim,17.5,0,1,0
2025-11-06 15:23:56,famishededitz,16.0,0,0,1
2025-11-06 15:23:56,konradgryt,3.0,0,0,0
2025-11-06 15:23:56,mertiedevs,2.0,0,0,0
2025-11-06 15:23:56,homerttdi,1.0,0,0,0
2025-11-06 15:23:56,streamelements,0.0,0,0,0
2025-11-06 15:23:56,chrisfh,0.0,0,0,0
2025-11-06 15:23:56,robotech83,0.0,0,0,0
2025-10-20 17:38:11,bianceee,12.0,1,0,0
2025-10-20 17:38:11,simulakrum,4.0,0,1,0
2025-10-20 17:38:11,lopsidedpixel,4.0,0,0,1
2025-10-20 17:38:11,streamelements,2.0,0,0,0
2025-10-20 17:38:11,famishededitz,1.0,0,0,0
2025-10-20 17:38:11,endingwithali,1.0,0,0,0
2025-10-20 17:38:11,alpha05productions,1.0,0,0,0
2025-10-20 17:38:11,t3h_danger,1.0,0,0,0
2025-10-20 17:38:11,esoteric_hoodie,0.5,0,0,0
2025-10-20 17:38:11,immapleleaf,0.0,0,0,0
2025-10-20 17:38:11,stephenballball,0.0,0,0,0
2025-10-20 17:38:11,dispel000,0.0,0,0,0
2025-10-20 17:38:11,londonesify,0.0,0,0,0
2025-10-20 17:38:11,mertiedevs,0.0,0,0,0
2025-10-15 16:34:58,robodom_,10.0,1,0,0
2025-10-15 16:34:58,theyagich,3.0,0,1,0
2025-10-15 16:34:58,streamelements,2.0,0,0,1
2025-10-15 16:34:58,devtries,1.0,0,0,0
2025-10-15 16:34:58,homerttdi,1.0,0,0,0
2025-10-15 16:34:58,renerod1,1.0,0,0,0
2025-10-14 16:05:37,robodom_,62.0,1,0,0
2025-10-14 16:05:37,shepsalmighty,15.0,0,1,0
2025-10-14 16:05:37,itzreallyren,14.0,0,0,1
2025-10-14 16:05:37,homerttdi,12.0,0,0,0
2025-10-14 16:05:37,wupinyin,11.0,0,0,0
2025-10-14 16:05:37,bootystains,8.0,0,0,0
2025-10-14 16:05:37,ooservage,6.0,0,0,0
2025-10-14 16:05:37,stderr_dk,5.0,0,0,0
2025-10-14 16:05:37,theyagich,4.0,0,0,0
2025-10-14 16:05:37,insanekrazy,3.0,0,0,0
2025-10-14 16:05:37,ar3alcoo1kat,3.0,0,0,0
2025-10-14 16:05:37,streamelements,1.0,0,0,0
2025-10-14 16:05:37,ganit_ak,1.0,0,0,0
2025-10-14 16:05:37,luasoft10,1.0,0,0,0
2025-10-14 16:05:37,kindredgames,1.0,0,0,0
2025-10-14 16:05:37,s9tpepper_,0.0,0,0,0
2025-10-14 16:05:37,banetrapperdev,0.0,0,0,0
2025-10-14 01:42:22,robodom_,98.5,1,0,0
2025-10-14 01:42:22,theyagich,87.5,0,1,0
2025-10-14 01:42:22,eigentourist,37.5,0,0,1
2025-10-14 01:42:22,laz_ono,32.0,0,0,0
2025-10-14 01:42:22,fullstacking,30.5,0,0,0
2025-10-14 01:42:22,lonewolfzor,20.0,0,0,0
2025-10-14 01:42:22,productivetime,14.0,0,0,0
2025-10-14 01:42:22,ooservage,11.5,0,0,0
2025-10-14 01:42:22,blaiselabs,8.0,0,0,0
2025-10-14 01:42:22,streamelements,4.0,0,0,0
2025-10-14 01:42:22,renerod1,2.0,0,0,0
2025-10-14 01:42:22,famishededitz,1.0,0,0,0
2025-10-14 01:42:22,clipt9m,1.0,0,0,0
2025-10-14 01:42:22,peoples923,0.0,0,0,0
2025-10-13 16:08:44,robodom_,46.0,1,0,0
2025-10-13 16:08:44,theyagich,43.0,0,1,0
2025-10-13 16:08:44,laz_ono,32.0,0,0,1
2025-10-13 16:08:44,fullstacking,30.5,0,0,0
2025-10-13 16:08:44,blaiselabs,8.0,0,0,0
2025-10-13 16:08:44,eigentourist,3.0,0,0,0
2025-10-13 16:08:44,renerod1,2.0,0,0,0
2025-10-13 16:08:44,streamelements,1.0,0,0,0
2025-10-13 16:08:44,famishededitz,1.0,0,0,0
2025-10-13 16:08:44,peoples923,0.0,0,0,0
2025-10-10 17:08:19,robodom_,93.5,1,0,0
2025-10-10 17:08:19,theyagich,89.5,0,1,0
2025-10-10 17:08:19,fullstacking,21.5,0,0,1
2025-10-10 17:08:19,javagrunt,15.0,0,0,0
2025-10-10 17:08:19,productivetime,14.5,0,0,0
2025-10-10 17:08:19,enstucky,7.0,0,0,0
2025-10-10 17:08:19,falinere,5.0,0,0,0
2025-10-10 17:08:19,blaiselabs,3.0,0,0,0
2025-10-10 17:08:19,doopybiteyourankle,2.0,0,0,0
2025-10-10 17:08:19,ghostdaddy,0.0,0,0,0
2025-10-10 17:08:19,streamelements,0.0,0,0,0
2025-10-10 17:08:19,inijson,0.0,0,0,0
2025-10-10 17:08:19,algebruhd,0.0,0,0,0
2025-10-09 16:30:49,robodom_,40.0,1,0,0
2025-10-09 16:30:49,theyagich,23.0,0,1,0
2025-10-09 16:30:49,theyagich,22.0,1,0,0
2025-10-09 16:30:49,icon33,8.0,0,1,0
2025-10-09 16:30:49,icon33,8.0,0,0,1
2025-10-09 16:30:49,streamelements,3.0,0,0,0
2025-10-09 16:30:49,streamelements,1.0,0,0,1
2025-10-09 16:30:49,fizzythevisionary,1.0,0,0,0
2025-10-09 16:30:49,y0uthfulninja,1.0,0,0,0
2025-10-09 16:30:49,mertiedevs,1.0,0,0,0
2025-10-09 16:30:49,nadotopia,1.0,0,0,0
2025-10-09 16:30:49,mertiedevs,0.0,0,0,0
2025-10-09 16:30:49,kc_van,0.0,0,0,0
2025-10-09 16:30:49,bottled4,0.0,0,0,0
2025-10-09 16:30:49,peoples923,0.0,0,0,0
2025-10-09 16:30:49,jzoned54,0.0,0,0,0
2025-10-09 16:30:49,kc_van,0.0,0,0,0
2025-10-09 16:30:49,bottled4,0.0,0,0,0
2025-10-09 16:30:49,thegoodcheesemaster,-0.5,0,0,0
2025-10-07 16:25:27,robodom_,38.0,1,0,0
2025-10-07 16:25:27,streamelements,1.0,0,1,0
2025-10-07 16:25:27,fizzythevisionary,1.0,0,0,1
2025-10-07 16:25:27,y0uthfulninja,1.0,0,0,0
2025-10-07 16:25:27,nadotopia,1.0,0,0,0
2025-10-07 16:25:27,peoples923,0.0,0,0,0
2025-10-07 16:25:27,theyagich,0.0,0,0,0
2025-10-07 16:25:27,mertiedevs,0.0,0,0,0
2025-10-07 16:25:27,jzoned54,0.0,0,0,0
2025-10-07 16:25:27,thegoodcheesemaster,-0.5,0,0,0
2025-10-07 01:18:00,blaiselabs,109.0,1,0,0
2025-10-07 01:18:00,robodom_,92.0,0,1,0
2025-10-07 01:18:00,theyagich,34.0,0,0,1
2025-10-07 01:18:00,hebozhe,22.0,0,0,0
2025-10-07 01:18:00,yykassu,20.0,0,0,0
2025-10-07 01:18:00,productivetime,17.5,0,0,0
2025-10-07 01:18:00,jdsfighter,7.5,0,0,0
2025-10-07 01:18:00,straedom,3.0,0,0,0
2025-10-07 01:18:00,renerod1,2.5,0,0,0
2025-10-07 01:18:00,icon33,2.0,0,0,0
2025-10-07 01:18:00,enstucky,1.0,0,0,0
2025-10-07 01:18:00,swagz__420,1.0,0,0,0
2025-10-07 01:18:00,funpilot_panda2,1.0,0,0,0
2025-10-07 01:18:00,streamelements,0.0,0,0,0
2025-10-07 01:18:00,forelorne,0.0,0,0,0
2025-10-07 01:18:00,briguythefryguy,0.0,0,0,0
2025-10-06 15:36:20,robodom_,11.0,1,0,0
2025-10-06 15:36:20,straedom,3.0,0,1,0
2025-10-06 15:36:20,icon33,2.0,0,0,1
2025-10-06 15:36:20,enstucky,1.0,0,0,0
2025-10-06 15:36:20,streamelements,0.0,0,0,0
2025-10-03 17:26:57,straedom,82.5,1,0,0
2025-10-03 17:26:57,theyagich,31.0,0,1,0
2025-10-03 17:26:57,djwagner_gda,6.0,0,0,1
2025-10-03 17:26:57,doopybiteyourankle,5.5,0,0,0
2025-10-03 17:26:57,esoteric_hoodie,4.0,0,0,0
2025-10-03 17:26:57,ghostdaddy,2.0,0,0,0
2025-10-03 17:26:57,streamelements,1.0,0,0,0
2025-10-03 17:26:57,quadzero8404,1.0,0,0,0
2025-10-03 17:26:57,maitre_aziz1,0.0,0,0,0
2025-10-03 17:26:57,famishededitz,0.0,0,0,0
2025-10-03 17:26:57,konradgryt,0.0,0,0,0
2025-10-02 16:22:00,theyagich,8.0,1,0,0
2025-10-02 16:22:00,ken_dis_knee,8.0,0,1,0
2025-10-02 16:22:00,theberserkerr,3.0,0,0,1
2025-10-02 16:22:00,mertiedevs,2.0,0,0,0
2025-10-02 16:22:00,y0uthfulninja,2.0,0,0,0
2025-10-02 16:22:00,streamelements,1.0,0,0,0
2025-10-02 16:22:00,jzoned54,1.0,0,0,0
2025-10-02 16:22:00,j3ech,0.0,0,0,0
2025-10-02 16:22:00,dakotascozycorner,0.0,0,0,0
2025-10-02 16:22:00,plantyjenn,0.0,0,0,0
2025-10-02 16:22:00,speedy_snails_,0.0,0,0,0
2025-10-02 16:22:00,kat_alchemist,0.0,0,0,0
2025-09-30 16:33:17,mertiedevs,2.0,1,0,0
2025-09-30 16:33:17,streamelements,1.0,0,1,0
2025-09-30 16:33:17,theyagich,1.0,0,0,1
2025-09-30 16:33:17,homerttdi,1.0,0,0,0
2025-09-30 16:33:17,kaushal2469,0.0,0,0,0
2025-09-30 16:33:17,ghostdaddy,0.0,0,0,0
2025-09-30 16:33:17,peoples923,0.0,0,0,0
2025-09-30 16:33:17,straedom,0.0,0,0,0
2025-09-29 15:39:25,theyagich,16.0,1,0,0
2025-09-29 15:39:25,jdsfighter,5.0,0,1,0
2025-09-29 15:39:25,jzoned54,5.0,0,0,1
2025-09-29 15:39:25,famishededitz,3.0,0,0,0
2025-09-29 15:39:25,gustavomendozza,0.0,0,0,0
2025-09-29 15:39:25,streamelements,0.0,0,0,0
2025-09-25 15:28:26,blaiselabs,21.0,1,0,0
2025-09-25 15:28:26,straedom,10.0,0,1,0
2025-09-25 15:28:26,streamelements,1.0,0,0,1
2025-09-25 15:28:26,mmender2,1.0,0,0,0
2025-09-25 15:28:26,jdsfighter,0.5,0,0,0
2025-09-25 15:28:26,callux_ar,0.0,0,0,0
2025-09-23 15:48:35,straedom,118.5,1,0,0
2025-09-23 15:48:35,blaiselabs,22.0,0,1,0
2025-09-23 15:48:35,streamelements,3.0,0,0,1
2025-09-23 15:48:35,renerod1,3.0,0,0,0
2025-09-23 15:48:35,eigentourist,2.0,0,0,0
2025-09-23 15:48:35,mertingopeav,1.0,0,0,0
2025-09-23 15:48:35,xowilough,0.0,0,0,0
2025-09-23 15:48:35,mdsoul,0.0,0,0,0
2025-09-22 15:59:44,straedom,151.5,1,0,0
2025-09-22 15:59:44,robodom_,70.0,0,1,0
2025-09-22 15:59:44,tg_khalil,32.0,0,0,1
2025-09-22 15:59:44,famishededitz,4.5,0,0,0
2025-09-22 15:59:44,vmttmv,3.0,0,0,0
2025-09-22 15:59:44,renerod1,2.0,0,0,0
2025-09-22 15:59:44,streamelements,1.0,0,0,0
2025-09-22 15:59:44,jdsfighter,1.0,0,0,0
2025-09-15 23:25:02,robodom_,56.0,1,0,0
2025-09-15 23:25:02,famishededitz,32.0,0,1,0
2025-09-15 23:25:02,robotech83,3.0,0,0,1
2025-09-11 15:10:05,streamelements,0.0,1,0,0
2025-09-11 15:10:05,nofreewifi4u,0.0,0,1,0
2025-09-11 15:10:05,mailboxyig,0.0,0,0,1
2025-09-10 16:39:41,robodom_,24.0,1,0,0
2025-09-10 16:39:41,productivetime,7.0,0,1,0
2025-09-10 16:39:41,mertingopeav,5.0,0,0,1
2025-09-08 16:39:24,robodom_,52.5,1,0,0
2025-09-08 16:39:24,mertingopeav,11.0,0,1,0
2025-09-08 16:39:24,ayedosa,9.0,0,0,1
2025-09-08 16:39:24,famishededitz,8.0,0,0,0
2025-09-08 16:39:24,theyagich,3.0,0,0,0
2025-09-08 16:39:24,streamelements,2.0,0,0,0
2025-09-08 16:39:24,t3h_danger,0.0,0,0,0
2025-09-04 18:31:14,robodom_,14.0,1,0,0
2025-09-04 18:31:14,grimybadger,10.0,0,1,0
2025-09-04 18:31:14,javagrunt,4.0,0,0,1
2025-09-04 18:31:14,streamelements,3.0,0,0,0
2025-09-04 18:31:14,icon33,1.0,0,0,0
2025-09-04 18:31:14,hefestoz,1.0,0,0,0
2025-09-04 18:31:14,ghostdaddy,0.0,0,0,0
2025-09-04 18:31:14,renerod1,0.0,0,0,0
2025-09-04 18:31:14,jayisback1,0.0,0,0,0
2025-09-04 18:31:14,hardtsunami12,0.0,0,0,0
2025-08-26 19:08:31,robodom_,86.0,1,0,0
2025-08-26 19:08:31,simulakrum,7.0,0,1,0
2025-08-26 19:08:31,kindredgames,4.0,0,0,1
2025-08-26 19:08:31,fizzythevisionary,4.0,0,0,0
2025-08-26 19:08:31,therealgecika,2.0,0,0,0
2025-08-26 19:08:31,streamelements,1.0,0,0,0
2025-08-26 19:08:31,tangledupgames,1.0,0,0,0
2025-08-26 19:08:31,renerod1,0.0,0,0,0
2025-08-26 19:08:31,productivetime,0.0,0,0,0
2025-08-25 15:17:01,chrischarlton,6.0,1,0,0
2025-08-25 15:17:01,jayisback1,1.0,0,1,0
2025-08-25 15:17:01,streamelements,1.0,0,0,1
2025-08-25 15:17:01,kavymaurya,1.0,0,0,0
2025-08-25 15:17:01,famishededitz,0.0,0,0,0
2025-08-19 15:59:08,theyagich,4.0,1,0,0
2025-08-19 15:59:08,falinere,4.0,0,1,0
2025-08-19 15:59:08,misterfriend,2.0,0,0,1
2025-08-19 00:12:05,miniscruff,92.5,1,0,0
2025-08-19 00:12:05,fullstacking,29.0,0,1,0
2025-08-19 00:12:05,robodom_,28.0,0,0,1
2025-08-19 00:12:05,jujoco_dev,13.0,0,0,0
2025-08-19 00:12:05,eigentourist,11.0,0,0,0
2025-08-19 00:12:05,renerod1,10.0,0,0,0
2025-08-19 00:12:05,famishededitz,6.0,0,0,0
2025-08-19 00:12:05,streamelements,0.0,0,0,0
2025-08-18 16:54:26,productivetime,10.0,1,0,0
2025-08-18 16:54:26,metavoid8,7.5,0,1,0
2025-08-18 16:54:26,famishededitz,4.0,0,0,1
2025-08-18 16:54:26,bryant988,2.0,0,0,0
2025-08-18 16:54:26,digital_dreamscape,2.0,0,0,0
2025-08-18 16:54:26,streamelements,0.0,0,0,0
2025-08-18 16:54:26,renerod1,0.0,0,0,0
2025-08-18 16:54:26,lucasmern,0.0,0,0,0
2025-08-15 16:07:11,robodom_,23.0,1,0,0
2025-08-15 16:07:11,daveysunofficialson,11.0,0,1,0
2025-08-15 16:07:11,shockrizal,10.0,0,0,1
2025-08-15 16:07:11,merlinguy,5.0,0,0,0
2025-08-15 16:07:11,hyjules,5.0,0,0,0
2025-08-15 16:07:11,norwegian_oiler,4.0,0,0,0
2025-08-15 16:07:11,mdbm,4.0,0,0,0
2025-08-15 16:07:11,unkapaulie,4.0,0,0,0
2025-08-15 16:07:11,safiregg,1.0,0,0,0
2025-08-15 16:07:11,streamelements,1.0,0,0,0
2025-08-15 16:07:11,fullstacking,1.0,0,0,0
2025-08-15 16:07:11,moose_mafia,1.0,0,0,0
2025-08-15 16:07:11,pursizzle,0.0,0,0,0
2025-08-15 16:07:11,jayisback1,0.0,0,0,0
2025-08-15 16:07:11,mimeekyuu,0.0,0,0,0
2025-08-15 16:07:11,corporalki_reader,0.0,0,0,0
2025-08-15 16:07:11,perhapssam,0.0,0,0,0
2025-08-15 16:07:11,outofsamu,0.0,0,0,0
2025-08-15 16:07:11,ghostdaddy,-1.5,0,0,0
2025-08-12 16:08:09,roedieo7,3.5,1,0,0
2025-08-12 16:08:09,theyagich,2.5,0,1,0
2025-08-12 16:08:09,streamelements,0.0,0,0,1
2025-08-12 16:08:09,fizzythevisionary,0.0,0,0,0
2025-08-11 16:14:24,theyagich,12.0,1,0,0
2025-08-11 16:14:24,imranshaik1,11.0,0,1,0
2025-08-11 16:14:24,aria_adm,4.5,0,0,1
2025-08-11 16:14:24,streamelements,3.0,0,0,0
2025-08-11 16:14:24,rikacodes,2.5,0,0,0
2025-08-11 16:14:24,contractforpeace,2.5,0,0,0
2025-08-11 16:14:24,mdbm,2.0,0,0,0
2025-08-11 16:14:24,peoples923,2.0,0,0,0
2025-08-11 16:14:24,desistdawdling,1.0,0,0,0
2025-08-11 16:14:24,superfoxer_yt,1.0,0,0,0
2025-08-11 16:14:24,simulakrum,0.0,0,0,0
2025-08-11 16:14:24,ghostdaddy,0.0,0,0,0
2025-08-11 16:14:24,icon33,0.0,0,0,0
2025-08-08 15:55:51,robodom_,104.0,1,0,0
2025-08-08 15:55:51,mrvoid54,11.0,0,1,0
2025-08-08 15:55:51,rikacodes,5.5,0,0,1
2025-08-08 15:55:51,famishededitz,2.5,0,0,0
2025-08-08 15:55:51,typeerrordev,1.0,0,0,0
2025-08-08 15:55:51,miboyyy,0.0,0,0,0
2025-08-07 16:40:21,dravey82,14.5,1,0,0
2025-08-07 16:40:21,jayisback1,12.0,0,1,0
2025-08-07 16:40:21,coding_____sanji,9.0,0,0,1
2025-08-07 16:40:21,mailboxyig,5.0,0,0,0
2025-08-07 16:40:21,robotech83,4.0,0,0,0
2025-08-07 16:40:21,theyagich,3.0,0,0,0
2025-08-07 16:40:21,streamelements,1.0,0,0,0
2025-08-07 16:40:21,fullstacking,1.0,0,0,0
2025-08-07 16:40:21,arslanruslan,1.0,0,0,0
2025-08-07 16:40:21,miboyyy,0.0,0,0,0
2025-08-06 17:18:36,robodom_,26.5,1,0,0
2025-08-06 17:18:36,docovery,1.0,0,1,0
2025-08-06 17:18:36,mrvoid54,1.0,0,0,1
2025-08-06 17:18:36,jdshehenennjj,1.0,0,0,0
2025-08-06 17:18:36,barelyfunctionalengineer,1.0,0,0,0
2025-08-06 17:18:36,jzoned54,1.0,0,0,0
2025-08-06 17:18:36,igs_ghost,0.0,0,0,0
2025-08-06 17:18:36,streamelements,0.0,0,0,0
2025-07-29 15:40:09,theyagich,10.0,1,0,0
2025-07-29 15:40:09,freshmeat911,9.0,0,1,0
2025-07-29 15:40:09,socnow,5.0,0,0,1
2025-07-29 15:40:09,kailondo,3.0,0,0,0
2025-07-29 15:40:09,famishededitz,2.0,0,0,0
2025-07-29 15:40:09,streamelements,0.0,0,0,0
2025-07-29 15:40:09,jzoned54,0.0,0,0,0
2025-07-29 15:40:09,fizzythevisionary,0.0,0,0,0
2025-07-28 16:49:53,robodom_,31.0,1,0,0
2025-07-28 16:49:53,renerod1,17.0,0,1,0
2025-07-28 16:49:53,theyagich,13.0,0,0,1
2025-07-28 16:49:53,productivetime,4.0,0,0,0
2025-07-28 16:49:53,jzoned54,3.0,0,0,0
2025-07-28 16:49:53,pilferz,2.0,0,0,0
2025-07-28 16:49:53,streamelements,1.0,0,0,0
2025-07-28 16:49:53,jkpockets,1.0,0,0,0
2025-07-28 16:49:53,omni_digital_tech,0.0,0,0,0
2025-07-28 16:49:53,thiboutshit,0.0,0,0,0
2025-07-21 16:24:28,fullstacking,169.0,1,0,0
2025-07-21 16:24:28,roundrodent,53.5,0,1,0
2025-07-21 16:24:28,theyagich,37.5,0,0,1
2025-07-21 16:24:28,renerod1,23.5,0,0,0
2025-07-21 16:24:28,robodom_,23.0,0,0,0
2025-07-21 16:24:28,robodom_,23.0,1,0,0
2025-07-21 16:24:28,deblegfr,22.5,0,0,0
2025-07-21 16:24:28,deblegfr,22.5,0,1,0
2025-07-21 16:24:28,cheehco,13.0,0,0,0
2025-07-21 16:24:28,cheehco,13.0,0,0,1
2025-07-21 16:24:28,rpalmpinoy,6.0,0,0,0
2025-07-21 16:24:28,simulakrum,5.5,0,0,0
2025-07-21 16:24:28,famishededitz,5.0,0,0,0
2025-07-21 16:24:28,streamelements,3.0,0,0,0
2025-07-21 16:24:28,jzoned54,3.0,0,0,0
2025-07-21 16:24:28,theyagich,3.0,0,0,0
2025-07-21 16:24:28,jayisback1,2.0,0,0,0
2025-07-21 16:24:28,t3h_danger,2.0,0,0,0
2025-07-21 16:24:28,grimybadger,2.0,0,0,0
2025-07-21 16:24:28,grimybadger,2.0,0,0,0
2025-07-21 16:24:28,dasotoo,1.0,0,0,0
2025-07-21 16:24:28,robotech83,1.0,0,0,0
2025-07-21 16:24:28,trilliumsmith,1.0,0,0,0
2025-07-21 16:24:28,narutosucks420,1.0,0,0,0
2025-07-21 16:24:28,streamelements,1.0,0,0,0
2025-07-21 16:24:28,jzoned54,1.0,0,0,0
2025-07-21 16:24:28,renerod1,1.0,0,0,0
2025-07-21 16:24:28,trilliumsmith,1.0,0,0,0
2025-07-21 16:24:28,narutosucks420,1.0,0,0,0
2025-07-21 16:24:28,cheeseman559,0.0,0,0,0
2025-07-18 15:08:00,fullstacking,168.0,1,0,0
2025-07-18 15:08:00,roundrodent,53.5,0,1,0
2025-07-18 15:08:00,theyagich,31.5,0,0,1
2025-07-18 15:08:00,renerod1,21.5,0,0,0
2025-07-18 15:08:00,rpalmpinoy,6.0,0,0,0
2025-07-18 15:08:00,simulakrum,5.5,0,0,0
2025-07-18 15:08:00,famishededitz,5.0,0,0,0
2025-07-18 15:08:00,jayisback1,2.0,0,0,0
2025-07-18 15:08:00,t3h_danger,2.0,0,0,0
2025-07-18 15:08:00,streamelements,1.0,0,0,0
2025-07-18 15:08:00,dasotoo,1.0,0,0,0
2025-07-18 15:08:00,jzoned54,1.0,0,0,0
2025-07-18 15:08:00,robotech83,1.0,0,0,0
2025-07-18 15:08:00,cheeseman559,0.0,0,0,0
2025-07-17 16:39:40,theyagich,95.5,1,0,0
2025-07-17 16:39:40,sockheadrps,56.5,0,1,0
2025-07-17 16:39:40,robodom_,43.0,0,0,1
2025-07-17 16:39:40,nightshadedude,6.0,0,0,0
2025-07-17 16:39:40,renerod1,2.0,0,0,0
2025-07-17 16:39:40,job_applicationpt,2.0,0,0,0
2025-07-17 16:39:40,jzoned54,1.0,0,0,0
2025-07-17 16:39:40,grimybadger,0.5,0,0,0
2025-07-17 16:39:40,streamelements,0.0,0,0,0
2025-07-17 16:39:40,truespaulding,0.0,0,0,0
2025-07-17 16:39:40,famishededitz,-0.5,0,0,0
2025-07-15 16:16:56,robodom_,42.0,1,0,0
2025-07-15 16:16:56,grimybadger,12.0,0,1,0
2025-07-15 16:16:56,jackysprinkles,3.0,0,0,1
2025-07-15 16:16:56,streamelements,2.0,0,0,0
2025-07-15 16:16:56,renerod1,2.0,0,0,0
2025-07-15 16:16:56,xtremeair21,2.0,0,0,0
2025-07-15 16:16:56,jzoned54,0.0,0,0,0
2025-07-11 17:16:12,robodom_,71.0,1,0,0
2025-07-11 17:16:12,jayisback1,14.0,0,1,0
2025-07-11 17:16:12,viper_gamingz,13.5,0,0,1
2025-07-11 17:16:12,daveysunofficialson,12.0,0,0,0
2025-07-11 17:16:12,tagetapang,12.0,0,0,0
2025-07-11 17:16:12,grimybadger,10.0,0,0,0
2025-07-11 17:16:12,renerod1,5.0,0,0,0
2025-07-11 17:16:12,sockheadrps,4.0,0,0,0
2025-07-11 17:16:12,jkpockets,3.0,0,0,0
2025-07-11 17:16:12,streamelements,2.0,0,0,0
2025-07-11 17:16:12,eeriedev,2.0,0,0,0
2025-07-11 17:16:12,roundrodent,2.0,0,0,0
2025-07-11 17:16:12,mistymash,1.0,0,0,0
2025-07-11 17:16:12,hoist777,1.0,0,0,0
2025-07-11 17:16:12,typostreams,1.0,0,0,0
2025-07-11 17:16:12,tiredkebab,0.0,0,0,0
2025-07-10 15:23:27,robodom_,26.0,1,0,0
2025-07-10 15:23:27,daveysunofficialson,21.0,0,1,0
2025-07-10 15:23:27,ozookev,7.5,0,0,1
2025-07-10 15:23:27,renerod1,3.0,0,0,0
2025-07-10 15:23:27,jzoned54,3.0,0,0,0
2025-07-10 15:23:27,streamelements,1.0,0,0,0
2025-07-10 15:23:27,xowilough,1.0,0,0,0
2025-07-10 15:23:27,beerdguy,1.0,0,0,0
2025-07-08 17:36:44,robodom_,117.0,1,0,0
2025-07-08 17:36:44,theyagich,64.0,0,1,0
2025-07-08 17:36:44,eigentourist,6.0,0,0,1
2025-07-08 17:36:44,famishededitz,5.0,0,0,0
2025-07-08 17:36:44,ambivalentbunnie,5.0,0,0,0
2025-07-08 17:36:44,roundrodent,5.0,0,0,0
2025-07-08 17:36:44,renerod1,5.0,0,0,0
2025-07-08 17:36:44,streamelements,2.0,0,0,0
2025-07-08 17:36:44,staticgamerg,2.0,0,0,0
2025-07-08 17:36:44,fizzythevisionary,2.0,0,0,0
2025-07-08 17:36:44,theidentitybooth,1.0,0,0,0
2025-07-08 17:36:44,ozookev,0.0,0,0,0
2025-07-08 17:36:44,polymetron,0.0,0,0,0
2025-07-08 17:36:44,grimybadger,0.0,0,0,0
2025-07-08 17:36:44,wolfymaster,0.0,0,0,0
2025-07-08 17:36:44,ddash25,0.0,0,0,0
2025-07-07 15:43:27,robodom_,54.0,1,0,0
2025-07-07 15:43:27,grimybadger,22.5,0,1,0
2025-07-07 15:43:27,theyagich,20.0,0,0,1
2025-07-07 15:43:27,generalgerms,14.0,0,0,0
2025-07-07 15:43:27,streamelements,2.0,0,0,0
2025-07-07 15:43:27,mp_blego,1.0,0,0,0
2025-06-24 17:04:02,robodom_,79.0,1,0,0
2025-06-24 17:04:02,eigentourist,42.0,0,1,0
2025-06-24 17:04:02,taniwha3,25.0,0,0,1
2025-06-24 17:04:02,theidentitybooth,18.0,0,0,0
2025-06-24 17:04:02,theyagich,13.0,0,0,0
2025-06-24 17:04:02,sevenrevolves,7.5,0,0,0
2025-06-24 17:04:02,fizzythevisionary,7.0,0,0,0
2025-06-24 17:04:02,fullstacking,5.5,0,0,0
2025-06-24 17:04:02,jzoned54,5.0,0,0,0
2025-06-24 17:04:02,streamelements,2.0,0,0,0
2025-06-24 17:04:02,xowilough,1.0,0,0,0
2025-06-24 17:04:02,renerod1,1.0,0,0,0
2025-06-24 17:04:02,jamarbo_twch,1.0,0,0,0
2025-06-24 17:04:02,trilliumsmith,0.0,0,0,0
2025-06-24 17:04:02,mkmisfit,0.0,0,0,0
2025-06-10 17:08:50,socnow,20.0,1,0,0
2025-06-10 17:08:50,theyagich,13.5,0,1,0
2025-06-10 17:08:50,kreastricon,5.0,0,0,1
2025-06-10 17:08:50,renerod1,2.0,0,0,0
2025-06-10 17:08:50,foundrey,2.0,0,0,0
2025-06-10 17:08:50,coolcodingcat,1.0,0,0,0
2025-06-10 17:08:50,streamelements,1.0,0,0,0
2025-06-10 17:08:50,xxyourmomxx420,1.0,0,0,0
2025-06-10 17:08:50,productivetime,1.0,0,0,0
2025-06-10 17:08:50,stinklewinks,0.0,0,0,0
2025-06-10 17:08:50,jibreelghumman,0.0,0,0,0
2025-06-09 16:02:09,renerod1,3.0,1,0,0
2025-06-09 16:02:09,xowilough,1.0,0,1,0
2025-06-09 16:02:09,fossunleashed,1.0,0,0,1
2025-06-09 16:02:09,streamelements,1.0,0,0,0
2025-06-09 16:02:09,productivetime,1.0,0,0,0
2025-06-09 16:02:09,criminoloden,1.0,0,0,0
2025-06-09 16:02:09,llama_lord8095,0.0,0,0,0
2025-06-06 16:14:10,metadevgirl,27.5,1,0,0
2025-06-06 16:14:10,merlinguy,3.0,0,1,0
2025-06-06 16:14:10,streamelements,1.0,0,0,1
2025-06-06 16:14:10,xowilough,1.0,0,0,0
2025-06-06 16:14:10,augis_luk,0.0,0,0,0
2025-06-06 16:14:10,productivetime,0.0,0,0,0
2025-06-06 16:14:10,corporalki_reader,0.0,0,0,0
2025-06-06 16:14:10,onabicyclefortwo,0.0,0,0,0
2025-06-05 17:19:06,robodom_,41.5,1,0,0
2025-06-05 17:19:06,theyagich,13.5,0,1,0
2025-06-05 17:19:06,socnow,10.0,0,0,1
2025-06-05 17:19:06,thelinuxdeveloper,7.0,0,0,0
2025-06-05 17:19:06,taniwha3,4.0,0,0,0
2025-06-05 17:19:06,hannylicious,4.0,0,0,0
2025-06-05 17:19:06,xowilough,2.0,0,0,0
2025-06-05 17:19:06,icon33,2.0,0,0,0
2025-06-05 17:19:06,mdsoul,1.0,0,0,0
2025-06-05 17:19:06,ghostdaddy,1.0,0,0,0
2025-06-05 17:19:06,renerod1,1.0,0,0,0
2025-06-05 17:19:06,famishededitz,1.0,0,0,0
2025-06-05 17:19:06,7pounds84,0.0,0,0,0
2025-06-05 17:19:06,productivetime,0.0,0,0,0
2025-06-05 17:19:06,streamelements,0.0,0,0,0
2025-06-05 17:19:06,baccroad,0.0,0,0,0
2025-06-03 16:04:52,renerod1,0.0,1,0,0
2025-06-02 15:57:35,robodom_,43.0,1,0,0
2025-06-02 15:57:35,renerod1,7.0,0,1,0
2025-06-02 15:57:35,intelijens,5.0,0,0,1
2025-06-02 15:57:35,streamelements,4.0,0,0,0
2025-06-02 15:57:35,jkpockets,2.0,0,0,0
2025-06-02 15:57:35,hannylicious,1.0,0,0,0
2025-06-02 15:57:35,7pounds84,1.0,0,0,0
2025-06-02 15:57:35,taniwha3,1.0,0,0,0
2025-06-02 15:57:35,zallows,0.0,0,0,0
2025-06-02 15:57:35,umarsverse,0.0,0,0,0
2025-05-30 17:21:19,apexlegandplayer,17.0,1,0,0
2025-05-30 17:21:19,godserves,13.0,0,1,0
2025-05-30 17:21:19,2fckinactive,5.0,0,0,1
2025-05-30 17:21:19,sockheadrps,5.0,0,0,0
2025-05-30 17:21:19,jdsfighter,4.0,0,0,0
2025-05-30 17:21:19,streamelements,3.0,0,0,0
2025-05-30 17:21:19,productivetime,3.0,0,0,0
2025-05-30 17:21:19,t3h_danger,2.0,0,0,0
2025-05-30 17:21:19,mrfabridev,1.0,0,0,0
2025-05-30 17:21:19,ghostdaddy,0.0,0,0,0
2025-05-30 17:21:19,htmlbeyond,0.0,0,0,0
2025-05-29 17:00:56,staticgamerg,17.5,1,0,0
2025-05-29 17:00:56,pursizzle,17.0,0,1,0
2025-05-29 17:00:56,simman23,11.0,0,0,1
2025-05-29 17:00:56,eigentourist,11.0,0,0,0
2025-05-29 17:00:56,l3thaln3ss,8.0,0,0,0
2025-05-29 17:00:56,theyagich,4.0,0,0,0
2025-05-29 17:00:56,swashbucklingfox,3.0,0,0,0
2025-05-29 17:00:56,khaosd2,3.0,0,0,0
2025-05-29 17:00:56,fizzythevisionary,2.0,0,0,0
2025-05-29 17:00:56,norwegian_oiler,2.0,0,0,0
2025-05-29 17:00:56,streamelements,1.0,0,0,0
2025-05-29 17:00:56,zedashaw,1.0,0,0,0
2025-05-29 17:00:56,hannylicious,1.0,0,0,0
2025-05-29 17:00:56,famishededitz,1.0,0,0,0
2025-05-29 17:00:56,7pounds84,1.0,0,0,0
2025-05-29 17:00:56,javagrunt,0.0,0,0,0
2025-05-29 17:00:56,wannacryvirus,0.0,0,0,0
2025-05-29 17:00:56,igs_ghost,0.0,0,0,0
2025-05-29 17:00:56,mdsoul,0.0,0,0,0
2025-05-29 17:00:56,shak390,0.0,0,0,0
2025-05-29 17:00:56,htmlbeyond,0.0,0,0,0
2025-05-29 17:00:56,itrondin83,-0.5,0,0,0
2025-05-27 16:52:36,streamelements,4.0,1,0,0
2025-05-27 16:52:36,7pounds84,4.0,0,1,0
2025-05-27 16:52:36,renerod1,2.0,0,0,1
2025-05-27 16:52:36,robotech83,2.0,0,0,0
2025-05-27 16:52:36,jayisback1,1.0,0,0,0
2025-05-27 16:52:36,ghostdaddy,1.0,0,0,0
2025-05-27 16:52:36,cello102,1.0,0,0,0
2025-05-27 16:52:36,the_real_book_lover,0.0,0,0,0
2025-05-27 16:52:36,therealraymondjones,0.0,0,0,0
2025-05-27 16:52:36,cosmic_gumbo_,0.0,0,0,0
2025-05-27 16:52:36,productivetime,0.0,0,0,0
2025-05-22 16:24:36,robotech83,7.0,1,0,0
2025-05-22 16:24:36,fizzythevisionary,5.0,0,1,0
2025-05-22 16:24:36,theyagich,3.0,0,0,1
2025-05-22 16:24:36,streamelements,2.0,0,0,0
2025-05-22 16:24:36,thissumgarbo,0.0,0,0,0
2025-05-22 16:24:36,ghostdaddy,0.0,0,0,0
2025-05-19 16:22:53,ohh_bee,48.5,1,0,0
2025-05-19 16:22:53,robodom_,34.0,0,1,0
2025-05-19 16:22:53,eigentourist,25.0,0,0,1
2025-05-19 16:22:53,grimybadger,17.0,0,0,0
2025-05-19 16:22:53,theyagich,5.0,0,0,0
2025-05-19 16:22:53,ghostdaddy,4.0,0,0,0
2025-05-19 16:22:53,streamelements,2.0,0,0,0
2025-05-19 16:22:53,musclemario,0.0,0,0,0
2025-05-19 16:22:53,productivetime,0.0,0,0,0
2025-05-19 16:22:53,eeliigaa_,0.0,0,0,0
2025-05-15 15:56:59,jzoned54,16.0,1,0,0
2025-05-15 15:56:59,renerod1,15.5,0,1,0
2025-05-15 15:56:59,cowgarage,10.0,0,0,1
2025-05-15 15:56:59,ghostdaddy,7.0,0,0,0
2025-05-15 15:56:59,theyagich,6.5,0,0,0
2025-05-15 15:56:59,vi_me,3.0,0,0,0
2025-05-15 15:56:59,mikeecodes,3.0,0,0,0
2025-05-15 15:56:59,socnow,2.0,0,0,0
2025-05-15 15:56:59,eigentourist,2.0,0,0,0
2025-05-15 15:56:59,streamelements,1.0,0,0,0
2025-05-15 15:56:59,thekvltpant,1.0,0,0,0
2025-05-15 15:56:59,grimybadger,0.5,0,0,0
2025-05-15 15:56:59,thecodernoob,0.0,0,0,0
2025-05-14 16:26:34,socnow,35.5,1,0,0
2025-05-14 16:26:34,renerod1,26.5,0,1,0
2025-05-14 16:26:34,cowgarage,18.0,0,0,1
2025-05-14 16:26:34,mdsoul,15.0,0,0,0
2025-05-14 16:26:34,jzoned54,5.0,0,0,0
2025-05-14 16:26:34,xowilough,3.0,0,0,0
2025-05-14 16:26:34,hyjules,3.0,0,0,0
2025-05-14 16:26:34,streamelements,2.0,0,0,0
2025-05-14 16:26:34,fullstacking,2.0,0,0,0
2025-05-14 16:26:34,grimybadger,1.5,0,0,0
2025-05-14 16:26:34,az_vocal_local,1.0,0,0,0
2025-05-14 16:26:34,springrain14,1.0,0,0,0
2025-05-14 16:26:34,applebottomjeans2345,1.0,0,0,0
2025-05-14 16:26:34,vipsania4,1.0,0,0,0
2025-05-14 16:26:34,eeliigaa_,0.0,0,0,0
2025-05-14 16:26:34,switchsiren,0.0,0,0,0
2025-05-14 16:26:34,mimi_joy3,0.0,0,0,0
2025-05-14 16:26:34,sincerelymeems,0.0,0,0,0
2025-05-14 16:26:34,corporalki_reader,0.0,0,0,0
2025-05-14 16:26:34,bork_23,0.0,0,0,0
2025-05-14 16:26:34,lostinfandom,0.0,0,0,0
2025-05-14 16:26:34,peacharina_,0.0,0,0,0
2025-05-14 16:26:34,cosmiclav,0.0,0,0,0
2025-05-14 16:26:34,skeletonsio,0.0,0,0,0
2025-05-14 16:26:34,onabicyclefortwo,0.0,0,0,0
2025-05-14 16:26:34,jbonesbutt,0.0,0,0,0
2025-05-12 17:15:45,robodom_,42.0,1,0,0
2025-05-12 17:15:45,robotech83,10.5,0,1,0
2025-05-12 17:15:45,noteclip,9.0,0,0,1
2025-05-12 17:15:45,jayisback1,5.5,0,0,0
2025-05-12 17:15:45,grimybadger,4.0,0,0,0
2025-05-12 17:15:45,streamelements,2.0,0,0,0
2025-05-12 17:15:45,mikenhil,0.0,0,0,0
2025-05-09 16:19:08,4adelight,22.0,1,0,0
2025-05-09 16:19:08,robodom_,2.0,0,1,0
2025-05-09 16:19:08,streamelements,1.0,0,0,1
2025-05-09 16:19:08,vad1mus23,1.0,0,0,0
2025-05-08 16:37:46,fizzythevisionary,13.0,1,0,0
2025-05-08 16:37:46,robodom_,10.0,0,1,0
2025-05-08 16:37:46,streamelements,2.0,0,0,1
2025-05-08 16:37:46,xowilough,2.0,0,0,0
2025-05-08 16:37:46,alynoor,2.0,0,0,0
2025-05-08 16:37:46,purpledragondev,0.0,0,0,0
2025-05-06 16:05:47,fizzythevisionary,7.0,1,0,0
2025-05-06 16:05:47,alejandro404official,4.0,0,1,0
2025-05-06 16:05:47,streamelements,1.0,0,0,1
2025-05-06 16:05:47,xowilough,0.0,0,0,0
2025-05-06 16:05:47,robotech83,0.0,0,0,0
2025-05-06 16:05:47,jossh2001_,0.0,0,0,0
2025-05-05 16:24:30,theyagich,26.0,1,0,0
2025-05-05 16:24:30,robodom_,16.0,0,1,0
2025-05-05 16:24:30,grimybadger,6.0,0,0,1
2025-05-05 16:24:30,streamelements,2.0,0,0,0
2025-05-05 16:24:30,xowilough,0.0,0,0,0
2025-05-05 16:24:30,otito_49,0.0,0,0,0
2025-05-05 16:24:30,fizzythevisionary,0.0,0,0,0
2025-05-02 16:19:38,fizzythevisionary,14.0,1,0,0
2025-05-02 16:19:38,robotech83,2.5,0,1,0
2025-05-02 16:19:38,xowilough,2.0,0,0,1
2025-05-02 16:19:38,daveysunofficialson,2.0,0,0,0
2025-05-02 16:19:38,streamelements,1.0,0,0,0
2025-05-02 16:19:38,lefishe90,1.0,0,0,0
2025-05-01 16:14:06,robodom_,57.5,1,0,0
2025-05-01 16:14:06,renerod1,27.5,0,1,0
2025-05-01 16:14:06,robotech83,6.5,0,0,1
2025-05-01 16:14:06,theyagich,3.0,0,0,0
2025-05-01 16:14:06,streamelements,2.0,0,0,0
2025-05-01 16:14:06,jayisback1,2.0,0,0,0
2025-05-01 16:14:06,spidersorry,2.0,0,0,0
2025-05-01 16:14:06,mohdhammad786,1.0,0,0,0
2025-05-01 16:14:06,toiletburglar,1.0,0,0,0
2025-05-01 16:14:06,dasotoo,1.0,0,0,0
2025-05-01 16:14:06,nhancodes,1.0,0,0,0
2025-05-01 16:14:06,daveysunofficialson,1.0,0,0,0
2025-05-01 16:14:06,xowilough,0.0,0,0,0
2025-05-01 16:14:06,prufflington,0.0,0,0,0
2025-05-01 16:14:06,ghostdaddy,0.0,0,0,0
2025-05-01 16:14:06,thecodedrift,0.0,0,0,0
2025-04-29 15:17:14,theyagich,71.5,1,0,0
2025-04-29 15:17:14,socnow,27.5,0,1,0
2025-04-29 15:17:14,nimbus7x,12.0,0,0,1
2025-04-29 15:17:14,intelijens,7.0,0,0,0
2025-04-29 15:17:14,streamelements,2.0,0,0,0
2025-04-29 15:17:14,grimybadger,1.0,0,0,0
2025-04-29 15:16:57,theyagich,71.5,1,0,0
2025-04-29 15:16:57,socnow,27.5,0,1,0
2025-04-29 15:16:57,nimbus7x,12.0,0,0,1
2025-04-29 15:16:57,intelijens,7.0,0,0,0
2025-04-29 15:16:57,streamelements,2.0,0,0,0
2025-04-29 15:16:57,grimybadger,1.0,0,0,0
2025-04-28 16:37:37,theyagich,86.0,1,0,0
2025-04-28 16:37:37,robodom_,25.0,0,1,0
2025-04-28 16:37:37,intelijens,17.0,0,0,1
2025-04-28 16:37:37,eigentourist,16.0,0,0,0
2025-04-28 16:37:37,gorro187,13.0,0,0,0
2025-04-28 16:37:37,tynk_m,8.5,0,0,0
2025-04-28 16:37:37,lilozine,4.0,0,0,0
2025-04-28 16:37:37,grimybadger,4.0,0,0,0
2025-04-28 16:37:37,streamelements,2.0,0,0,0
2025-04-28 16:37:37,mechajdi,2.0,0,0,0
2025-04-28 16:37:37,xowilough,1.0,0,0,0
2025-04-28 16:37:37,simulakrum,1.0,0,0,0
2025-04-25 17:00:00,umarsverse,44.0,1,0,0
2025-04-25 17:00:00,mp_blego,12.0,0,1,0
2025-04-25 17:00:00,theyagich,6.5,0,0,1
2025-04-25 17:00:00,xowilough,6.0,0,0,0
2025-04-25 17:00:00,streamelements,2.0,0,0,0
2025-04-25 17:00:00,productivetime,1.0,0,0,0
2025-04-25 17:00:00,xxyourmomxx420,0.0,0,0,0
2025-04-25 17:00:00,violettdragxn,0.0,0,0,0
2025-04-25 17:00:00,socnow,0.0,0,0,0
2025-04-25 17:00:00,wciurnik00,0.0,0,0,0
2025-04-24 17:08:09,theyagich,105.0,1,0,0
2025-04-24 17:08:09,robodom_,58.0,0,1,0
2025-04-24 17:08:09,socnow,31.0,0,0,1
2025-04-24 17:08:09,konradgryt,20.0,0,0,0
2025-04-24 17:08:09,konradgryt,20.0,1,0,0
2025-04-24 17:08:09,tariffmeanewone,15.5,0,0,0
2025-04-24 17:08:09,xowilough,10.0,0,0,0
2025-04-24 17:08:09,socnow,9.0,0,1,0
2025-04-24 17:08:09,robodom_,9.0,0,0,1
2025-04-24 17:08:09,potliquor,8.0,0,0,0
2025-04-24 17:08:09,potliquor,8.0,0,0,0
2025-04-24 17:08:09,famishededitz,7.0,0,0,0
2025-04-24 17:08:09,grimybadger,6.0,0,0,0
2025-04-24 17:08:09,renb0,5.5,0,0,0
2025-04-24 17:08:09,renb0,5.5,0,0,0
2025-04-24 17:08:09,streamelements,5.0,0,0,0
2025-04-24 17:08:09,zero2herozed,5.0,0,0,0
2025-04-24 17:08:09,intelijens,5.0,0,0,0
2025-04-24 17:08:09,xowilough,5.0,0,0,0
2025-04-24 17:08:09,intelijens,5.0,0,0,0
2025-04-24 17:08:09,theyagich,4.0,0,0,0
2025-04-24 17:08:09,streamelements,2.0,0,0,0
2025-04-24 17:08:09,b3agz,0.0,0,0,0
2025-04-24 17:08:09,zachjrt,0.0,0,0,0
2025-04-24 17:08:09,dualwieldedlive,0.0,0,0,0
2025-04-24 17:08:09,the_aia,0.0,0,0,0
2025-04-24 17:08:09,mikenhil,0.0,0,0,0
2025-04-24 17:08:09,b3agz,0.0,0,0,0
2025-04-24 17:08:09,zachjrt,0.0,0,0,0
2025-04-24 17:08:09,dualwieldedlive,0.0,0,0,0
2025-04-24 17:08:09,the_aia,0.0,0,0,0
2025-04-24 17:08:09,mikenhil,0.0,0,0,0
2025-04-22 16:51:05,theyagich,99.0,1,0,0
2025-04-22 16:51:05,robodom_,46.0,0,1,0
2025-04-22 16:51:05,socnow,21.0,0,0,1
2025-04-22 16:51:05,tariffmeanewone,15.5,0,0,0
2025-04-22 16:51:05,famishededitz,7.0,0,0,0
2025-04-22 16:51:05,grimybadger,6.0,0,0,0
2025-04-22 16:51:05,zero2herozed,5.0,0,0,0
2025-04-22 16:51:05,xowilough,4.0,0,0,0
2025-04-22 16:51:05,streamelements,2.0,0,0,0
2025-04-21 16:23:26,robodom_,27.0,1,0,0
2025-04-21 16:23:26,theyagich,18.0,0,1,0
2025-04-21 16:23:26,ariane_yeong,11.0,0,0,1
2025-04-21 16:23:26,streamelements,3.0,0,0,0
2025-04-21 16:23:26,t3h_danger,2.0,0,0,0
2025-04-21 16:23:26,robotech83,1.0,0,0,0
2025-04-21 16:23:26,miniscruff,1.0,0,0,0
2025-04-21 16:23:26,productivetime,1.0,0,0,0
2025-04-21 16:23:26,ghostdaddy,0.0,0,0,0
2025-04-21 16:23:26,jaxx_builds,0.0,0,0,0
2025-04-21 16:23:26,anonimo_productions,0.0,0,0,0
2025-04-21 16:23:26,potliquor,0.0,0,0,0
2025-04-18 19:01:50,robodom_,41.0,1,0,0
2025-04-18 19:01:50,simulakrum,31.0,0,1,0
2025-04-18 19:01:50,theyagich,21.0,0,0,1
2025-04-18 19:01:50,poopuhchoo,16.0,0,0,0
2025-04-18 19:01:50,socnow,12.5,0,0,0
2025-04-18 19:01:50,swiftsushi,12.0,0,0,0
2025-04-18 19:01:50,eigentourist,11.0,0,0,0
2025-04-18 19:01:50,mdsoul,7.5,0,0,0
2025-04-18 19:01:50,streamelements,7.0,0,0,0
2025-04-18 19:01:50,xowilough,2.0,0,0,0
2025-04-18 19:01:50,taniwha3,2.0,0,0,0
2025-04-18 19:01:50,eyeohhs,1.0,0,0,0
2025-04-18 19:01:50,mistawicket,1.0,0,0,0
2025-04-18 19:01:50,lefishe90,1.0,0,0,0
2025-04-18 19:01:50,legalek,0.0,0,0,0
2025-04-18 19:01:50,maniacalenigma,0.0,0,0,0
2025-04-18 19:01:50,thecodedrift,0.0,0,0,0
2025-04-17 17:41:12,simulakrum,10.0,1,0,0
2025-04-17 17:41:12,swiftsushi,9.0,0,1,0
2025-04-17 17:41:12,mdsoul,7.5,0,0,1
2025-04-17 17:41:12,robodom_,5.0,0,0,0
2025-04-17 17:41:12,xowilough,2.0,0,0,0
2025-04-17 17:41:12,streamelements,2.0,0,0,0
2025-04-17 17:41:12,taniwha3,2.0,0,0,0
2025-04-17 17:41:12,eyeohhs,1.0,0,0,0
2025-04-17 17:41:12,mistawicket,1.0,0,0,0
2025-04-17 17:41:12,eigentourist,1.0,0,0,0
2025-04-17 17:41:12,legalek,0.0,0,0,0
2025-04-17 17:41:12,maniacalenigma,0.0,0,0,0
2025-04-07 17:36:04,theyagich,47.5,1,0,0
2025-04-07 17:36:04,robodom_,44.5,0,1,0
2025-04-07 17:36:04,renerod1,7.0,0,0,1
2025-04-07 17:36:04,intelijens,6.0,0,0,0
2025-04-07 17:36:04,ike_0zzy,3.0,0,0,0
2025-04-07 17:36:04,streamelements,2.0,0,0,0
2025-04-07 17:36:04,emanuek178,1.0,0,0,0
2025-04-07 17:36:04,xowilough,1.0,0,0,0
2025-04-07 17:36:04,sun_wukong_ri,1.0,0,0,0
2025-04-07 17:36:04,socnow,1.0,0,0,0
2025-04-07 17:36:04,mattbirdsquest,0.0,0,0,0
2025-04-07 17:36:04,mdsoul,0.0,0,0,0
2025-04-07 17:36:04,robby120967,-0.5,0,0,0
2025-04-04 16:37:55,eigentourist,47.0,1,0,0
2025-04-04 16:37:55,pikmingod,9.0,0,1,0
2025-04-04 16:37:55,xowilough,7.0,0,0,1
2025-04-04 16:37:55,streamelements,2.0,0,0,0
2025-04-04 16:37:55,summermoonstone,1.0,0,0,0
2025-04-04 16:37:55,sheilur,1.0,0,0,0
2025-04-04 16:37:55,lazidazi,0.0,0,0,0
2025-04-04 16:37:55,allie_bo_balli,0.0,0,0,0
2025-04-04 16:37:55,carolannemichelle,0.0,0,0,0
2025-04-04 16:37:55,leeeaahhhh,0.0,0,0,0
2025-04-04 16:37:55,catmoths,0.0,0,0,0
2025-04-03 16:37:12,crazychickenhed,13.0,1,0,0
2025-04-03 16:37:12,grimybadger,4.5,0,1,0
2025-04-03 16:37:12,jdsfighter,3.0,0,0,1
2025-04-03 16:37:12,streamelements,2.0,0,0,0
2025-04-03 16:37:12,mattbirdsquest,1.0,0,0,0
2025-04-03 16:37:12,physbuzz,0.0,0,0,0
2025-04-03 16:37:12,xowilough,0.0,0,0,0
2025-04-03 00:45:54,leahtcodes,20.0,1,0,0
2025-04-03 00:45:54,lopta,10.0,0,1,0
2025-04-03 00:45:54,robotech83,6.0,0,0,1
2025-04-03 00:45:54,odatnurd,2.0,0,0,0
2025-04-03 00:45:54,boline21,0.0,0,0,0
2025-04-03 00:45:54,desertfox_117,0.0,0,0,0
2025-04-03 00:45:54,famishededitz,0.0,0,0,0
2025-04-03 00:45:54,theyagich,0.0,0,0,0
2025-04-01 16:05:37,robodom_,88.5,1,0,0
2025-04-01 16:05:37,intelijens,27.5,0,1,0
2025-04-01 16:05:37,jdsfighter,18.0,0,0,1
2025-04-01 16:05:37,streamelements,3.0,0,0,0
2025-04-01 16:05:37,xowilough,2.0,0,0,0
2025-04-01 16:05:37,tvjosh,2.0,0,0,0
2025-04-01 16:05:37,renerod1,1.0,0,0,0
2025-04-01 16:05:37,internetbird,1.0,0,0,0
2025-04-01 16:05:37,miniscruff,1.0,0,0,0
2025-04-01 16:05:37,robotech83,0.0,0,0,0
2025-04-01 16:05:37,whippasnapppa,0.0,0,0,0
2025-04-01 16:05:37,revisualize,0.0,0,0,0
2025-04-01 16:05:37,mattbirdsquest,0.0,0,0,0
2025-03-31 16:12:21,robodom_,54.0,1,0,0
2025-03-31 16:12:21,tvjosh,22.0,0,1,0
2025-03-31 16:12:21,renerod1,12.0,0,0,1
2025-03-31 16:12:21,socnow,9.0,0,0,0
2025-03-31 16:12:21,miniscruff,9.0,0,0,0
2025-03-31 16:12:21,xowilough,4.0,0,0,0
2025-03-31 16:12:21,streamelements,3.0,0,0,0
2025-03-31 16:12:21,physbuzz,2.0,0,0,0
2025-03-31 16:12:21,n0ukeys,2.0,0,0,0
2025-03-31 16:12:21,famishededitz,1.5,0,0,0
2025-03-31 16:12:21,bigmaq2k,1.0,0,0,0
2025-03-31 16:12:21,mattbirdsquest,0.0,0,0,0
2025-03-31 16:12:21,jaxx_builds,0.0,0,0,0
2025-03-31 16:12:21,prasanna2024,0.0,0,0,0
2025-03-28 13:57:43,robodom_,13.0,1,0,0
2025-03-28 13:57:43,socnow,7.0,0,1,0
2025-03-28 13:57:43,poseidonmagna,6.0,0,0,1
2025-03-28 13:57:43,robsagemusic,2.0,0,0,0
2025-03-28 13:57:43,ghostdaddy,0.0,0,0,0
2025-03-28 13:57:43,xowilough,0.0,0,0,0
2025-03-28 13:57:43,amazing_flp,0.0,0,0,0
2025-03-28 13:57:43,dezz,0.0,0,0,0
2025-03-28 13:57:43,streamelements,0.0,0,0,0
2025-03-27 17:02:24,realsuffiyan,9.5,1,0,0
2025-03-27 17:02:24,theyagich,3.0,0,1,0
2025-03-27 17:02:24,grimybadger,2.5,0,0,1
2025-03-27 17:02:24,streamelements,2.0,0,0,0
2025-03-27 17:02:24,ambivalentbunnie,2.0,0,0,0
2025-03-27 17:02:24,rythondev,2.0,0,0,0
2025-03-27 17:02:24,rez1coder,1.0,0,0,0
2025-03-27 17:02:24,fossunleashed,1.0,0,0,0
2025-03-27 17:02:24,xowilough,0.0,0,0,0
2025-03-27 17:02:24,s9tpepper_,0.0,0,0,0
2025-03-27 17:02:24,nurvix,0.0,0,0,0
2025-03-27 17:02:24,turing_moon_yatch,0.0,0,0,0
2025-03-27 17:02:24,eigentourist,0.0,0,0,0
2025-03-26 18:17:03,theyagich,37.5,1,0,0
2025-03-26 18:17:03,poseidonmagna,32.5,0,1,0
2025-03-26 18:17:03,robodom_,11.0,0,0,1
2025-03-26 18:17:03,shnuffleopogopogus,5.0,0,0,0
2025-03-26 18:17:03,grimybadger,5.0,0,0,0
2025-03-26 18:17:03,xowilough,4.0,0,0,0
2025-03-26 18:17:03,streamelements,3.0,0,0,0
2025-03-26 18:17:03,physbuzz,2.0,0,0,0
2025-03-26 18:17:03,eigentourist,2.0,0,0,0
2025-03-26 18:17:03,sammiesamu,0.0,0,0,0
2025-03-25 23:44:13,robodom_,42.0,1,0,0
2025-03-25 23:44:13,miniscruff,40.0,0,1,0
2025-03-25 23:44:13,cmgriffing,21.0,0,0,1
2025-03-25 23:44:13,netdevv,16.0,0,0,0
2025-03-25 23:44:13,mikenhil,9.0,0,0,0
2025-03-25 23:44:13,famishededitz,8.0,0,0,0
2025-03-25 23:44:13,renerod1,7.0,0,0,0
2025-03-25 23:44:13,typeerrordev,5.0,0,0,0
2025-03-25 23:44:13,tvjosh,5.0,0,0,0
2025-03-25 23:44:13,livtechsavvy,1.0,0,0,0
2025-03-25 23:44:13,yo_its_lj,1.0,0,0,0
2025-03-25 23:44:13,insanekrazy,0.0,0,0,0
2025-03-25 23:44:13,iamriality,0.0,0,0,0
2025-03-25 23:44:13,eigentourist,0.0,0,0,0
2025-03-25 23:44:13,pyro1121,0.0,0,0,0
2025-03-25 23:44:13,hmendoza2001,0.0,0,0,0
2025-03-25 23:44:13,mattbirdsquest,0.0,0,0,0
2025-03-25 16:34:16,robodom_,80.5,1,0,0
2025-03-25 16:34:16,theyagich,69.0,0,1,0
2025-03-25 16:34:16,miniscruff,48.0,0,0,1
2025-03-25 16:34:16,freudnotjung,19.0,0,0,0
2025-03-25 16:34:16,cavemancrafting,11.0,0,0,0
2025-03-25 16:34:16,adhdebater,7.0,0,0,0
2025-03-25 16:34:16,t3h_danger,6.0,0,0,0
2025-03-25 16:34:16,hyjules,5.5,0,0,0
2025-03-25 16:34:16,swiftsushi,5.0,0,0,0
2025-03-25 16:34:16,streamelements,2.0,0,0,0
2025-03-25 16:34:16,fossunleashed,2.0,0,0,0
2025-03-25 16:34:16,joeybtv,2.0,0,0,0
2025-03-25 16:34:16,xowilough,1.0,0,0,0
2025-03-25 16:34:16,tvjosh,1.0,0,0,0
2025-03-25 16:34:16,famishededitz,0.0,0,0,0
2025-03-25 16:34:16,dnbull,0.0,0,0,0
2025-03-25 16:34:16,lostarmiger,0.0,0,0,0
2025-03-25 16:34:16,lostinfandom,0.0,0,0,0
2025-03-25 16:34:16,moose_mafia,0.0,0,0,0
2025-03-25 16:34:16,corporalki_reader,0.0,0,0,0
2025-03-25 16:34:16,rogeykangroo,0.0,0,0,0
2025-03-25 16:34:16,imperfectlyem,0.0,0,0,0
2025-03-25 16:34:16,mimi_joy3,0.0,0,0,0
2025-03-25 16:34:16,thaliaag72,0.0,0,0,0
2025-03-25 16:34:16,bork_23,0.0,0,0,0
2025-03-25 16:34:16,perhapssam,0.0,0,0,0
2025-03-25 16:34:16,hokiechemist,0.0,0,0,0
2025-03-25 16:34:16,rashawn813,0.0,0,0,0
2025-03-25 16:34:16,cosmiclav,0.0,0,0,0
2025-03-21 18:53:27,theyagich,10.0,1,0,0
2025-03-21 18:53:27,xowilough,6.0,0,1,0
2025-03-21 18:53:27,tvjosh,5.0,0,0,1
2025-03-21 18:53:27,blaiselabs,4.0,0,0,0
2025-03-21 18:53:27,streamelements,3.0,0,0,0
2025-03-21 18:53:27,socnow,2.0,0,0,0
2025-03-21 18:53:27,internetbird,1.0,0,0,0
2025-03-21 18:53:27,ohh_bee,1.0,0,0,0
2025-03-21 18:53:27,faux_machina,1.0,0,0,0
2025-03-21 18:53:27,netdevv,0.0,0,0,0
2025-03-21 18:53:27,intelijens,0.0,0,0,0
2025-03-21 18:53:27,productivetime,0.0,0,0,0
2025-03-21 18:53:27,mattbirdsquest,0.0,0,0,0
2025-03-21 18:53:27,badcop_,0.0,0,0,0
2025-03-19 00:35:55,robodom_,154.0,1,0,0
2025-03-19 00:35:55,grimybadger,47.5,0,1,0
2025-03-19 00:35:55,renerod1,47.0,0,0,1
2025-03-19 00:35:55,me_am_stinky,14.5,0,0,0
2025-03-19 00:35:55,ohh_bee,14.0,0,0,0
2025-03-19 00:35:55,insaintly96,9.5,0,0,0
2025-03-19 00:35:55,robotech83,9.0,0,0,0
2025-03-19 00:35:55,nurvix,5.0,0,0,0
2025-03-19 00:35:55,eigentourist,5.0,0,0,0
2025-03-19 00:35:55,mattbirdsquest,4.0,0,0,0
2025-03-19 00:35:55,famishededitz,4.0,0,0,0
2025-03-19 00:35:55,icon33,3.0,0,0,0
2025-03-19 00:35:55,jayisback1,3.0,0,0,0
2025-03-19 00:35:55,kreastricon,2.0,0,0,0
2025-03-19 00:35:55,fizzythevisionary,1.0,0,0,0
2025-03-19 00:35:55,herby619,1.0,0,0,0
2025-03-19 00:35:55,socnow,1.0,0,0,0
2025-03-19 00:35:55,xowilough,0.0,0,0,0
2025-03-19 00:35:55,simulakrum,0.0,0,0,0
2025-03-19 00:35:55,streamelements,0.0,0,0,0
2025-03-18 17:09:05,robodom_,108.0,1,0,0
2025-03-18 17:09:05,grimybadger,20.0,0,1,0
2025-03-18 17:09:05,me_am_stinky,14.5,0,0,1
2025-03-18 17:09:05,ohh_bee,14.0,0,0,0
2025-03-18 17:09:05,nurvix,5.0,0,0,0
2025-03-18 17:09:05,mattbirdsquest,4.0,0,0,0
2025-03-18 17:09:05,famishededitz,4.0,0,0,0
2025-03-18 17:09:05,eigentourist,4.0,0,0,0
2025-03-18 17:09:05,icon33,3.0,0,0,0
2025-03-18 17:09:05,fizzythevisionary,1.0,0,0,0
2025-03-18 17:09:05,herby619,1.0,0,0,0
2025-03-18 17:09:05,xowilough,0.0,0,0,0
2025-03-18 17:09:05,simulakrum,0.0,0,0,0
2025-03-14 16:12:09,socnow,4.0,1,0,0
2025-03-14 16:12:09,streamelements,3.0,0,1,0
2025-03-14 16:12:09,internetbird,2.0,0,0,1
2025-03-14 16:12:09,nurvix,1.0,0,0,0
2025-03-14 16:12:09,kaushal2469,0.0,0,0,0
2025-03-14 16:12:09,kinganime1x,0.0,0,0,0
2025-03-13 15:58:01,mdsoul,23.5,1,0,0
2025-03-13 15:58:01,socnow,18.5,0,1,0
2025-03-13 15:58:01,mattbirdsquest,6.0,0,0,1
2025-03-13 15:58:01,streamelements,3.0,0,0,0
2025-03-13 15:58:01,jdsfighter,3.0,0,0,0
2025-03-13 15:58:01,eigentourist,2.0,0,0,0
2025-03-13 15:58:01,krikit_,0.0,0,0,0
2025-03-13 15:58:01,xowilough,0.0,0,0,0
2025-03-13 15:58:01,typeerrordev,0.0,0,0,0
2025-03-11 16:42:50,robodom_,36.5,1,0,0
2025-03-11 16:42:50,eigentourist,17.0,0,1,0
2025-03-11 16:42:50,jujoco_dev,5.0,0,0,1
2025-03-11 16:42:50,xowilough,4.0,0,0,0
2025-03-11 16:42:50,nurvix,3.0,0,0,0
2025-03-11 16:42:50,socnow,2.5,0,0,0
2025-03-11 16:42:50,streamelements,2.0,0,0,0
2025-03-11 16:42:50,famishededitz,2.0,0,0,0
2025-03-11 16:42:50,kindredgames,2.0,0,0,0
2025-03-11 16:42:50,theyagich,2.0,0,0,0
2025-03-11 16:42:50,foundrey,2.0,0,0,0
2025-03-11 16:42:50,intelijens,1.0,0,0,0
2025-03-11 16:42:50,grimybadger,1.0,0,0,0
2025-03-11 16:42:50,maniacalenigma,0.0,0,0,0
2025-03-11 16:42:50,mdsoul,0.0,0,0,0
2025-03-11 16:42:50,animosityfps,0.0,0,0,0
2025-03-10 17:11:54,robodom_,56.5,1,0,0
2025-03-10 17:11:54,xowilough,8.0,0,1,0
2025-03-10 17:11:54,taniwha3,7.0,0,0,1
2025-03-10 17:11:54,nhancodes,6.0,0,0,0
2025-03-10 17:11:54,jay_jupiter,5.5,0,0,0
2025-03-10 17:11:54,grimybadger,3.5,0,0,0
2025-03-10 17:11:54,streamelements,3.0,0,0,0
2025-03-10 17:11:54,n00dlezs,3.0,0,0,0
2025-03-10 17:11:54,ambivalentbunnie,2.0,0,0,0
2025-03-10 17:11:54,ste1ee,2.0,0,0,0
2025-03-10 17:11:54,blaiselabs,1.0,0,0,0
2025-03-10 17:11:54,famishededitz,1.0,0,0,0
2025-03-10 17:11:54,thecaptainchill,0.0,0,0,0
2025-03-10 17:11:54,neptune102,0.0,0,0,0
2025-03-10 17:11:54,eigentourist,0.0,0,0,0
2025-03-10 17:11:54,b1mind,0.0,0,0,0
2025-03-10 17:11:54,thecodedrift,0.0,0,0,0
2025-03-10 17:11:54,my_name_jeph,-1.5,0,0,0
2025-03-07 17:08:19,robodom_,115.5,1,0,0
2025-03-07 17:08:19,theyagich,35.0,0,1,0
2025-03-07 17:08:19,grimybadger,25.0,0,0,1
2025-03-07 17:08:19,renerod1,19.0,0,0,0
2025-03-07 17:08:19,kaleidonosc0pe,10.5,0,0,0
2025-03-07 17:08:19,symbol24,8.0,0,0,0
2025-03-07 17:08:19,charlesdarling,7.0,0,0,0
2025-03-07 17:08:19,dfluxstreams,4.5,0,0,0
2025-03-07 17:08:19,ohh_bee,4.0,0,0,0
2025-03-07 17:08:19,mattbirdsquest,4.0,0,0,0
2025-03-07 17:08:19,streamelements,3.0,0,0,0
2025-03-07 17:08:19,thecodedrift,3.0,0,0,0
2025-03-07 17:08:19,jay_jupiter,2.0,0,0,0
2025-03-07 17:08:19,tg_khalil,1.0,0,0,0
2025-03-07 17:08:19,whynotman4009,0.0,0,0,0
2025-03-07 17:08:19,socnow,0.0,0,0,0
2025-03-07 17:08:19,cello102,-0.5,0,0,0
2025-03-06 00:28:31,robodom_,55.0,1,0,0
2025-03-06 00:28:31,me_am_stinky,12.0,0,1,0
2025-03-06 00:28:31,socnow,11.0,0,0,1
2025-03-06 00:28:31,mattbirdsquest,9.0,0,0,0
2025-03-06 00:28:31,robotech83,9.0,0,0,0
2025-03-06 00:28:31,tvjosh,7.0,0,0,0
2025-03-06 00:28:31,la1dubs,6.0,0,0,0
2025-03-06 00:28:31,queendorx,4.0,0,0,0
2025-03-06 00:28:31,famishededitz,3.0,0,0,0
2025-03-06 00:28:31,saucehammer,3.0,0,0,0
2025-03-06 00:28:31,firecodeman69,3.0,0,0,0
2025-03-06 00:28:31,ohh_bee,2.0,0,0,0
2025-03-06 00:28:31,dbmasterc,1.0,0,0,0
2025-03-06 00:28:31,developerxio,0.0,0,0,0
2025-03-06 00:28:31,blaiselabs,0.0,0,0,0
2025-03-04 16:43:42,eigentourist,46.0,1,0,0
2025-03-04 16:43:42,robodom_,24.5,0,1,0
2025-03-04 16:43:42,xowilough,7.0,0,0,1
2025-03-04 16:43:42,charlesdarling,7.0,0,0,0
2025-03-04 16:43:42,taniwha3,5.0,0,0,0
2025-03-04 16:43:42,grimybadger,3.5,0,0,0
2025-03-04 16:43:42,thecodedrift,3.0,0,0,0
2025-03-04 16:43:42,streamelements,2.0,0,0,0
2025-03-04 16:43:42,nurvix,1.0,0,0,0
2025-03-04 16:43:42,worxbend,1.0,0,0,0
2025-03-04 16:43:42,renerod1,1.0,0,0,0
2025-03-04 16:43:42,sudoplz,1.0,0,0,0
2025-03-04 16:43:42,darkcujotv,0.0,0,0,0
2025-03-04 16:43:42,itswhittington,0.0,0,0,0
2025-03-03 15:46:39,nurvix,67.0,1,0,0
2025-03-03 15:46:39,captainclairsghost,20.0,0,1,0
2025-03-03 15:46:39,theyagich,15.0,0,0,1
2025-03-03 15:46:39,famishededitz,14.0,0,0,0
2025-03-03 15:46:39,ohh_bee,8.0,0,0,0
2025-03-03 15:46:39,cavemancrafting,4.0,0,0,0
2025-03-03 15:46:39,eigentourist,4.0,0,0,0
2025-03-03 15:46:39,xowilough,2.0,0,0,0
2025-03-03 15:46:39,streamelements,2.0,0,0,0
2025-03-03 15:46:39,my_name_jeph,2.0,0,0,0
2025-03-03 15:46:39,eyeronic099,0.0,0,0,0
2025-03-03 15:46:39,shinobi0x1,0.0,0,0,0
2025-03-03 15:46:39,john2dot0,0.0,0,0,0
2025-03-03 15:46:39,mattbirdsquest,0.0,0,0,0
2025-02-28 16:59:26,robodom_,9.5,1,0,0
2025-02-28 16:59:26,mattbirdsquest,9.0,0,1,0
2025-02-28 16:59:26,xowilough,8.0,0,0,1
2025-02-28 16:59:26,all_izzweii,2.0,0,0,0
2025-02-28 16:59:26,famishededitz,2.0,0,0,0
2025-02-28 16:59:26,rw_grim,2.0,0,0,0
2025-02-28 16:59:26,bimbocita,1.0,0,0,0
2025-02-28 16:59:26,fatihtkale,0.0,0,0,0
2025-02-28 16:59:26,thorndev115,0.0,0,0,0
2025-02-28 16:59:26,streamelements,0.0,0,0,0
2025-02-28 16:59:26,trickylady,0.0,0,0,0
2025-02-27 16:27:19,xowilough,16.0,1,0,0
2025-02-27 16:27:19,sockheadrps,12.5,0,1,0
2025-02-27 16:27:19,theyagich,7.0,0,0,1
2025-02-27 16:27:19,socnow,4.0,0,0,0
2025-02-27 16:27:19,ghostdaddy,3.0,0,0,0
2025-02-27 16:27:19,streamelements,2.0,0,0,0
2025-02-27 16:27:19,jdsfighter,2.0,0,0,0
2025-02-27 16:27:19,eigentourist,2.0,0,0,0
2025-02-27 16:27:19,staffordjs,2.0,0,0,0
2025-02-27 16:27:19,omni_digital_tech,0.0,0,0,0
2025-02-27 16:27:19,nurvix,0.0,0,0,0
2025-02-27 16:27:19,shustrikas,0.0,0,0,0
2025-02-27 16:27:19,ph_gaming_dev,0.0,0,0,0
2025-02-27 16:27:19,mikenhil,0.0,0,0,0
2025-02-25 16:28:05,robodom_,60.5,1,0,0
2025-02-25 16:28:05,staffordjs,12.0,0,1,0
2025-02-25 16:28:05,nimbus7x,7.0,0,0,1
2025-02-25 16:28:05,xowilough,6.0,0,0,0
2025-02-25 16:28:05,ayedosa,5.0,0,0,0
2025-02-25 16:28:05,streamelements,4.0,0,0,0
2025-02-25 16:28:05,fizzythevisionary,4.0,0,0,0
2025-02-25 16:28:05,venommtg76,3.0,0,0,0
2025-02-25 16:28:05,subzer0to100,3.0,0,0,0
2025-02-25 16:28:05,cavemancrafting,1.0,0,0,0
2025-02-25 16:28:05,eigentourist,1.0,0,0,0
2025-02-25 16:28:05,nurvix,0.0,0,0,0
2025-02-25 16:28:05,famishededitz,0.0,0,0,0
2025-02-25 16:28:05,cyrus_zei,0.0,0,0,0
2025-02-25 16:28:05,spajkowiecki,0.0,0,0,0
2025-02-25 16:28:05,mdsoul,0.0,0,0,0
2025-02-24 16:24:32,robodom_,46.5,1,0,0
2025-02-24 16:24:32,famishededitz,19.0,0,1,0
2025-02-24 16:24:32,ohh_bee,6.0,0,0,1
2025-02-24 16:24:32,xowilough,5.0,0,0,0
2025-02-24 16:24:32,streamelements,3.0,0,0,0
2025-02-24 16:24:32,jdsfighter,3.0,0,0,0
2025-02-24 16:24:32,eigentourist,3.0,0,0,0
2025-02-24 16:24:32,potliquor,3.0,0,0,0
2025-02-24 16:24:32,my_name_jeph,2.5,0,0,0
2025-02-24 16:24:32,javagrunt,2.0,0,0,0
2025-02-24 16:24:32,ghostdaddy,1.0,0,0,0
2025-02-24 16:24:32,rythondev,1.0,0,0,0
2025-02-24 16:24:32,falinere,1.0,0,0,0
2025-02-24 16:24:32,s9tpepper_,1.0,0,0,0
2025-02-24 16:24:32,exeqz,0.0,0,0,0
2025-02-24 16:24:32,x1vizi,0.0,0,0,0
2025-02-24 16:24:32,taniwha3,0.0,0,0,0
2025-02-21 16:04:11,nurvix,80.0,1,0,0
2025-02-21 16:04:11,robodom_,29.0,0,1,0
2025-02-21 16:04:11,ohh_bee,27.0,0,0,1
2025-02-21 16:04:11,theyagich,23.0,0,0,0
2025-02-21 16:04:11,xowilough,15.0,0,0,0
2025-02-21 16:04:11,lefishe90,15.0,0,0,0
2025-02-21 16:04:11,jayisback1,9.0,0,0,0
2025-02-21 16:04:11,famishededitz,6.0,0,0,0
2025-02-21 16:04:11,streamelements,3.0,0,0,0
2025-02-21 16:04:11,natethewebdev_,2.0,0,0,0
2025-02-21 16:04:11,mattbirdsquest,2.0,0,0,0
2025-02-21 16:04:11,foobarqix,1.0,0,0,0
2025-02-21 16:04:11,ladyjcharmaine,1.0,0,0,0
2025-02-20 16:17:37,famishededitz,51.0,1,0,0
2025-02-20 16:17:37,theyagich,40.5,0,1,0
2025-02-20 16:17:37,eigentourist,38.0,0,0,1
2025-02-20 16:17:37,natethewebdev_,34.0,0,0,0
2025-02-20 16:17:37,fizzythevisionary,34.0,0,0,0
2025-02-20 16:17:37,kailondo,23.0,0,0,0
2025-02-20 16:17:37,nurvix,10.0,0,0,0
2025-02-20 16:17:37,falinere,9.5,0,0,0
2025-02-20 16:17:37,xowilough,9.0,0,0,0
2025-02-20 16:17:37,pixelwatch23,4.0,0,0,0
2025-02-20 16:17:37,ph_gaming_dev,3.0,0,0,0
2025-02-20 16:17:37,streamelements,2.0,0,0,0
2025-02-20 16:17:37,roscomander,2.0,0,0,0
2025-02-20 16:17:37,mr2skull,2.0,0,0,0
2025-02-20 16:17:37,t3h_danger,1.0,0,0,0
2025-02-20 16:17:37,lilozine,1.0,0,0,0
2025-02-20 16:17:37,thecaptainchill,0.0,0,0,0
2025-02-20 16:17:37,10x_programmer,0.0,0,0,0
2025-02-18 17:01:25,robodom_,69.5,1,0,0
2025-02-18 17:01:25,fizzythevisionary,48.5,0,1,0
2025-02-18 17:01:25,javagrunt,27.0,0,0,1
2025-02-18 17:01:25,peterrobieart,16.0,0,0,0
2025-02-18 17:01:25,fossunleashed,10.0,0,0,0
2025-02-18 17:01:25,jkpockets,9.0,0,0,0
2025-02-18 17:01:25,streamelements,3.0,0,0,0
2025-02-18 17:01:25,xowilough,1.0,0,0,0
2025-02-18 17:01:25,thecaptainchill,0.0,0,0,0
2025-02-18 17:01:25,samgth,0.0,0,0,0
2025-02-17 23:28:09,robodom_,16.0,1,0,0
2025-02-17 23:28:09,eigentourist,9.0,0,1,0
2025-02-17 23:28:09,felixsoum,7.5,0,0,1
2025-02-17 23:28:09,beovuk,5.5,0,0,0
2025-02-17 23:28:09,jdsfighter,3.0,0,0,0
2025-02-17 23:28:09,robotech83,1.0,0,0,0
2025-02-17 23:28:09,ghostdaddy,0.0,0,0,0
2025-02-17 23:28:09,thecaptainchill,0.0,0,0,0
2025-02-17 01:39:26,robodom_,37.5,1,0,0
2025-02-17 01:39:26,famishededitz,6.5,0,1,0
2025-02-17 01:39:26,renerod1,5.0,0,0,1
2025-02-17 01:39:26,dollabill_mcneal,2.0,0,0,0
2025-02-17 01:39:26,shak390,0.0,0,0,0
2025-02-17 01:39:26,asiabxfrat,0.0,0,0,0
2025-02-17 01:39:26,twilightxfrat,0.0,0,0,0
2025-02-16 01:46:07,sockheadrps,105.5,1,0,0
2025-02-16 01:46:07,robodom_,34.0,0,1,0
2025-02-16 01:46:07,grimybadger,18.5,0,0,1
2025-02-16 01:46:07,robotech83,5.0,0,0,0
2025-02-16 01:46:07,youngbrakes,2.0,0,0,0
2025-02-16 01:46:07,renerod1,2.0,0,0,0
2025-02-16 01:46:07,jkpockets,2.0,0,0,0
2025-02-16 01:46:07,thecaptainchill,1.0,0,0,0
2025-02-16 01:46:07,jayisback1,1.0,0,0,0
2025-02-16 01:46:07,jdsfighter,0.0,0,0,0
2025-02-16 01:46:07,icon33,0.0,0,0,0
2025-02-16 01:46:07,productivetime,0.0,0,0,0
2025-02-14 14:12:08,robodom_,37.0,1,0,0
2025-02-14 14:12:08,theyagich,31.0,0,1,0
2025-02-14 14:12:08,jayisback1,12.5,0,0,1
2025-02-14 14:12:08,eigentourist,12.0,0,0,0
2025-02-14 14:12:08,mdsoul,9.0,0,0,0
2025-02-14 14:12:08,yt_displant,8.0,0,0,0
2025-02-14 14:12:08,rafaelgss,6.0,0,0,0
2025-02-14 14:12:08,xowilough,5.5,0,0,0
2025-02-14 14:12:08,devastation_nation,3.0,0,0,0
2025-02-14 14:12:08,tvjosh,3.0,0,0,0
2025-02-14 14:12:08,streamelements,2.0,0,0,0
2025-02-14 14:12:08,brish_w,2.0,0,0,0
2025-02-14 14:12:08,famishededitz,1.0,0,0,0
2025-02-14 14:12:08,cptchika,1.0,0,0,0
2025-02-14 14:12:08,ashish_raina,1.0,0,0,0
2025-02-13 21:01:59,codingwithstrangers,3.0,1,0,0
2025-02-13 20:59:50,codingwithstrangers,5.0,1,0,0
2025-01-31 17:04:17,grimybadger,81.0,1,0,0
2025-01-31 17:04:17,theyagich,78.0,0,1,0
2025-01-31 17:04:17,thestrangest_bot,14.0,0,0,1
2025-01-31 17:04:17,barneyoftherubble,12.0,0,0,0
2025-01-31 17:04:17,famishededitz,11.0,0,0,0
2025-01-31 17:04:17,elizabethw_29,8.0,0,0,0
2025-01-31 17:04:17,streamelements,3.0,0,0,0
2025-01-31 17:04:17,typeerrordev,3.0,0,0,0
2025-01-31 17:04:17,xowilough,3.0,0,0,0
2025-01-31 17:04:17,taniwha3,2.0,0,0,0
2025-01-31 17:04:17,prufflington,2.0,0,0,0
2025-01-31 17:04:17,jdsfighter,1.0,0,0,0
2025-01-31 17:04:17,alabamapsalmist,1.0,0,0,0
2025-01-31 17:04:17,chandu16,1.0,0,0,0
2025-01-31 17:04:17,thecaptainchill,0.0,0,0,0
2025-01-31 17:04:17,ghostdaddy,0.0,0,0,0
2025-01-31 17:04:17,cavemancrafting,0.0,0,0,0
2025-01-31 17:04:17,longlivespartacus,0.0,0,0,0
2025-01-31 17:04:17,sudoplz,0.0,0,0,0
2025-01-30 17:45:37,grimybadger,21.5,1,0,0
2025-01-30 17:45:37,theyagich,16.0,0,1,0
2025-01-30 17:45:37,lefishe90,10.5,0,0,1
2025-01-30 17:45:37,thestrangest_bot,9.5,0,0,0
2025-01-30 17:45:37,hoist777,4.0,0,0,0
2025-01-30 17:45:37,streamelements,2.0,0,0,0
2025-01-30 17:45:37,jeycologne,2.0,0,0,0
2025-01-30 17:45:37,xowilough,1.0,0,0,0
2025-01-30 17:45:37,cptchika,1.0,0,0,0
2025-01-30 17:45:37,jkpockets,1.0,0,0,0
2025-01-30 17:45:37,famishededitz,0.5,0,0,0
2025-01-30 17:45:37,thecaptainchill,0.0,0,0,0
2025-01-30 17:45:37,ghostdaddy,0.0,0,0,0
2025-01-30 17:45:37,radicallyreformed,0.0,0,0,0
2025-01-30 17:45:37,timbeaudet,0.0,0,0,0
2025-01-28 16:43:38,robodom_,67.0,1,0,0
2025-01-28 16:43:38,taniwha3,57.5,0,1,0
2025-01-28 16:43:38,thestrangest_bot,46.0,0,0,1
2025-01-28 16:43:38,robotech83,13.0,0,0,0
2025-01-28 16:43:38,cavemancrafting,10.0,0,0,0
2025-01-28 16:43:38,getsomefood,8.0,0,0,0
2025-01-28 16:43:38,jkpockets,5.0,0,0,0
2025-01-28 16:43:38,famishededitz,5.0,0,0,0
2025-01-28 16:43:38,xowilough,3.0,0,0,0
2025-01-28 16:43:38,softtacoraider,2.0,0,0,0
2025-01-28 16:43:38,miniscruff,1.0,0,0,0
2025-01-28 16:43:38,pikmingod,1.0,0,0,0
2025-01-28 16:43:38,grimybadger,1.0,0,0,0
2025-01-28 16:43:38,mikenhil,1.0,0,0,0
2025-01-28 16:43:38,icon33,1.0,0,0,0
2025-01-28 16:43:38,eigentourist,0.0,0,0,0
2025-01-27 17:29:42,robodom_,99.0,1,0,0
2025-01-27 17:29:42,taniwha3,52.5,0,1,0
2025-01-27 17:29:42,thestrangest_bot,41.0,0,0,1
2025-01-27 17:29:42,theyagich,17.5,0,0,0
2025-01-27 17:29:42,famishededitz,14.0,0,0,0
2025-01-27 17:29:42,miniscruff,12.5,0,0,0
2025-01-27 17:29:42,fizzythevisionary,7.0,0,0,0
2025-01-27 17:29:42,physbuzz,4.0,0,0,0
2025-01-27 17:29:42,ghostdaddy,2.0,0,0,0
2025-01-27 17:29:42,robotech83,1.0,0,0,0
2025-01-27 17:29:42,foundrey,1.0,0,0,0
2025-01-27 17:29:42,streamelements,0.0,0,0,0
2025-01-27 17:29:42,shapestar,0.0,0,0,0
2025-01-27 17:29:42,jdsfighter,0.0,0,0,0
2025-01-25 03:40:17,theyagich,63.5,1,0,0
2025-01-25 03:40:17,robodom_,33.0,0,1,0
2025-01-25 03:40:17,taniwha3,33.0,0,0,1
2025-01-25 03:40:17,famishededitz,23.0,0,0,0
2025-01-25 03:40:17,sockheadrps,21.5,0,0,0
2025-01-25 03:40:17,jkpockets,11.0,0,0,0
2025-01-25 03:40:17,renerod1,7.0,0,0,0
2025-01-25 03:40:17,productivetime,7.0,0,0,0
2025-01-25 03:40:17,tristen_4_,6.5,0,0,0
2025-01-25 03:40:17,hethinksthrice,6.0,0,0,0
2025-01-25 03:40:17,physbuzz,4.0,0,0,0
2025-01-25 03:40:17,whittington__,4.0,0,0,0
2025-01-25 03:40:17,thestrangest_bot,3.5,0,0,0
2025-01-25 03:40:17,xowilough,3.0,0,0,0
2025-01-25 03:40:17,odatnurd,3.0,0,0,0
2025-01-25 03:40:17,mikenhil,2.5,0,0,0
2025-01-25 03:40:17,robotech83,2.0,0,0,0
2025-01-25 03:40:17,th3tr011,2.0,0,0,0
2025-01-25 03:40:17,simulakrum,1.0,0,0,0
2025-01-25 03:40:17,ghostdaddy,0.0,0,0,0
2025-01-24 17:43:47,ag3nt_57_,14.0,1,0,0
2025-01-24 17:43:47,taniwha3,8.5,0,1,0
2025-01-24 17:43:47,skywalk1411,6.0,0,0,1
2025-01-24 17:43:47,l3thaln3ss,4.0,0,0,0
2025-01-24 17:43:47,icon33,4.0,0,0,0
2025-01-24 17:43:47,nanditoiscoding,2.0,0,0,0
2025-01-24 17:43:47,theyagich,1.0,0,0,0
2025-01-24 17:43:47,formalgoosefoundation,0.5,0,0,0
2025-01-24 17:43:47,ghostdaddy,0.0,0,0,0
2025-01-24 17:43:47,madstork91,0.0,0,0,0
2025-01-24 17:43:47,fossunleashed,0.0,0,0,0
2025-01-24 17:43:47,scary_hutman,0.0,0,0,0
2025-01-21 17:29:10,robodom_,58.0,1,0,0
2025-01-21 17:29:10,theyagich,47.0,0,1,0
2025-01-21 17:29:10,cavemancrafting,37.5,0,0,1
2025-01-21 17:29:10,kanji_00,21.0,0,0,0
2025-01-21 17:29:10,itachifam,14.5,0,0,0
2025-01-21 17:29:10,robotech83,4.0,0,0,0
2025-01-21 17:29:10,typeerrordev,2.0,0,0,0
2025-01-21 17:29:10,t3h_danger,2.0,0,0,0
2025-01-21 17:29:10,famishededitz,1.5,0,0,0
2025-01-21 17:29:10,thecaptainchill,1.0,0,0,0
2025-01-21 17:29:10,bionic_toothpick,1.0,0,0,0
2025-01-21 17:29:10,william_pittman06,1.0,0,0,0
2025-01-21 17:29:10,trilliumsmith,0.0,0,0,0
2025-01-21 17:29:10,grimybadger,0.0,0,0,0
2025-01-21 17:29:10,l3thaln3ss,0.0,0,0,0
2025-01-20 18:41:34,theyagich,103.5,1,0,0
2025-01-20 18:41:34,robodom_,86.0,0,1,0
2025-01-20 18:41:34,fast1con,20.0,0,0,1
2025-01-20 18:41:34,ghostdaddy,3.0,0,0,0
2025-01-20 18:41:34,kathenae,1.0,0,0,0
2025-01-20 18:41:34,headlessheadhunter,1.0,0,0,0
2025-01-20 18:41:34,julipr0derbest,0.0,0,0,0
2025-01-20 18:41:34,littlebulli,0.0,0,0,0
2025-01-20 18:41:34,taniwha3,0.0,0,0,0
2025-01-16 16:50:17,theyagich,28.5,1,0,0
2025-01-16 16:50:17,cavemancrafting,26.0,0,1,0
2025-01-16 16:50:17,hyjules,5.0,0,0,1
2025-01-16 16:50:17,refinery29,4.0,0,0,0
2025-01-16 16:50:17,darkmast93,4.0,0,0,0
2025-01-16 16:50:17,taniwha3,3.0,0,0,0
2025-01-16 16:50:17,lostinfandom,2.0,0,0,0
2025-01-16 16:50:17,grandbuh,1.0,0,0,0
2025-01-16 16:50:17,mikenhil,1.0,0,0,0
2025-01-16 16:50:17,thaliaag72,1.0,0,0,0
2025-01-16 16:50:17,pinkmvngu,1.0,0,0,0
2025-01-16 16:50:17,thecaptainchill,0.0,0,0,0
2025-01-16 16:50:17,nhancodes,0.0,0,0,0
2025-01-16 16:50:17,ghostdaddy,0.0,0,0,0
2025-01-16 16:50:17,grimybadger,0.0,0,0,0
2025-01-16 16:50:17,pixiepdf,0.0,0,0,0
2025-01-16 16:50:17,corporalki_reader,0.0,0,0,0
2025-01-16 16:50:17,lasirah,0.0,0,0,0
2025-01-16 16:50:17,switchsiren,0.0,0,0,0
2025-01-16 16:50:17,oopsieblue,0.0,0,0,0
2025-01-16 16:50:17,aezylla,0.0,0,0,0
2025-01-16 16:50:17,codpa,0.0,0,0,0
2025-01-16 16:50:17,sp00ky_shelbs,0.0,0,0,0
2025-01-16 16:50:17,nogitchi,0.0,0,0,0
2025-01-16 16:50:17,birbofbarradise,0.0,0,0,0
2025-01-16 16:50:17,marcylaycelle,0.0,0,0,0
2025-01-16 16:50:17,holosun96,0.0,0,0,0
2025-01-16 16:50:17,rosannatxt,0.0,0,0,0
2025-01-16 16:50:17,amariari,0.0,0,0,0
2025-01-16 16:50:17,imperfectlyem,0.0,0,0,0
2025-01-16 16:50:17,thomastospace,0.0,0,0,0
2025-01-14 22:44:21,robodom_,175.0,1,0,0
2025-01-14 22:44:21,jdsfighter,47.0,0,1,0
2025-01-14 22:44:21,taniwha3,40.0,0,0,1
2025-01-14 22:44:21,lefishe90,31.0,0,0,0
2025-01-14 22:44:21,insaintly96,30.5,0,0,0
2025-01-14 22:44:21,productivetime,29.5,0,0,0
2025-01-14 22:44:21,rythondev,16.0,0,0,0
2025-01-14 22:44:21,thecaptainchill,13.0,0,0,0
2025-01-14 22:44:21,mikenhil,13.0,0,0,0
2025-01-14 22:44:21,famishededitz,10.0,0,0,0
2025-01-14 22:44:21,jkpockets,9.0,0,0,0
2025-01-14 22:44:21,theyagich,8.0,0,0,0
2025-01-14 22:44:21,mikeecodes,8.0,0,0,0
2025-01-14 22:44:21,dfluxstreams,7.0,0,0,0
2025-01-14 22:44:21,mcstabby86,6.5,0,0,0
2025-01-14 22:44:21,tvjosh,4.0,0,0,0
2025-01-14 22:44:21,makerofrain,3.0,0,0,0
2025-01-14 22:44:21,streamelements,2.0,0,0,0
2025-01-14 22:44:21,dbdaryl,1.0,0,0,0
2025-01-14 22:44:21,insanekrazy,1.0,0,0,0
2025-01-14 22:44:21,renerod1,1.0,0,0,0
2025-01-14 22:44:21,grimybadger,0.5,0,0,0
2025-01-14 22:44:21,robotech83,0.0,0,0,0
2025-01-14 22:44:21,ghostdaddy,0.0,0,0,0
2025-01-14 22:44:21,seafilmz,0.0,0,0,0
2025-01-14 22:44:21,taiko1236,0.0,0,0,0
2025-01-14 22:44:21,mrpupple_,0.0,0,0,0
2025-01-14 22:44:21,t3h_danger,0.0,0,0,0
2025-01-14 22:44:21,maddiethedaddie,0.0,0,0,0
2025-01-14 22:44:21,ar3alcoo1kat,0.0,0,0,0
2025-01-14 22:44:21,kbaraptus,0.0,0,0,0
2025-01-14 22:44:21,soil_researcher,0.0,0,0,0
2025-01-14 22:44:21,fast1con,0.0,0,0,0
2025-01-13 16:26:46,robodom_,93.5,1,0,0
2025-01-13 16:26:46,famishededitz,13.0,0,1,0
2025-01-13 16:26:46,jeycologne,5.0,0,0,1
2025-01-13 16:26:46,theyagich,5.0,0,0,0
2025-01-13 16:26:46,eigentourist,3.0,0,0,0
2025-01-13 16:26:46,jkpockets,3.0,0,0,0
2025-01-13 16:26:46,robotech83,2.0,0,0,0
2025-01-13 16:26:46,peepawttv,2.0,0,0,0
2025-01-13 16:26:46,taniwha3,2.0,0,0,0
2025-01-13 16:26:46,imthenew,2.0,0,0,0
2025-01-13 16:26:46,jeevat0123,1.0,0,0,0
2025-01-13 16:26:46,cookin_bk,0.0,0,0,0
2025-01-13 16:26:46,ghostdaddy,0.0,0,0,0
2025-01-13 16:26:46,krikit_,0.0,0,0,0
2025-01-13 16:26:46,karezhest,0.0,0,0,0
2025-01-13 16:26:46,jdsfighter,0.0,0,0,0
2025-01-13 16:26:46,mattbirdsquest,0.0,0,0,0
2025-01-13 16:26:46,braxthesaint,0.0,0,0,0
2025-01-13 16:26:46,renerod1,0.0,0,0,0
2025-01-10 17:23:56,famishededitz,5.0,1,0,0
2025-01-10 17:23:56,lefishe90,4.0,0,1,0
2025-01-10 17:23:56,foobarqix,3.0,0,0,1
2025-01-10 17:23:56,robotech83,2.0,0,0,0
2025-01-10 17:23:56,pikmingod,2.0,0,0,0
2025-01-10 17:23:56,thecaptainchill,1.0,0,0,0
2025-01-10 17:23:56,littlebulli,1.0,0,0,0
2025-01-10 17:23:56,kerlinsamy,1.0,0,0,0
2025-01-10 17:23:56,thelummen,0.0,0,0,0
2025-01-10 17:23:56,augustris,0.0,0,0,0
2025-01-10 17:23:56,delwayy,0.0,0,0,0
2025-01-10 17:23:56,jdsfighter,0.0,0,0,0
2025-01-09 22:53:41,cavemancrafting,40.5,1,0,0
2025-01-09 22:53:41,robodom_,26.0,0,1,0
2025-01-09 22:53:41,grimybadger,18.5,0,0,1
2025-01-09 22:53:41,jdsfighter,16.5,0,0,0
2025-01-09 22:53:41,kalswrld,15.5,0,0,0
2025-01-09 22:53:41,tvjosh,12.5,0,0,0
2025-01-09 22:53:41,mikenhil,10.0,0,0,0
2025-01-09 22:53:41,akira_the_ai,9.0,0,0,0
2025-01-09 22:53:41,robotech83,6.0,0,0,0
2025-01-09 22:53:41,famishededitz,5.0,0,0,0
2025-01-09 22:53:41,tfmjace,4.0,0,0,0
2025-01-09 22:53:41,k1ck3nwang,4.0,0,0,0
2025-01-09 22:53:41,kerlinsamy,3.0,0,0,0
2025-01-09 22:53:41,tristen_4_,3.0,0,0,0
2025-01-09 22:53:41,l3thaln3ss,1.0,0,0,0
2025-01-09 16:50:57,humblewebdev20,12.0,1,0,0
2025-01-09 16:50:57,famishededitz,7.0,0,1,0
2025-01-09 16:50:57,grimybadger,6.0,0,0,1
2025-01-09 16:50:57,standardpointer,2.0,0,0,0
2025-01-09 16:50:57,theyagich,2.0,0,0,0
2025-01-09 16:50:57,cavemancrafting,2.0,0,0,0
2025-01-09 16:50:57,thecaptainchill,1.0,0,0,0
2025-01-09 16:50:57,mwest,1.0,0,0,0
2025-01-09 16:50:57,taniwha3,1.0,0,0,0
2025-01-09 16:50:57,icon33,1.0,0,0,0
2025-01-09 16:50:57,jkpockets,0.0,0,0,0
2025-01-09 16:50:57,ghostdaddy,0.0,0,0,0
2025-01-09 16:50:57,littlebulli,0.0,0,0,0
2025-01-09 16:50:57,scheeseb,0.0,0,0,0
2025-01-09 16:50:57,clloyd05,0.0,0,0,0
2025-01-07 23:18:15,grimybadger,74.0,1,0,0
2025-01-07 23:18:15,robodom_,59.0,0,1,0
2025-01-07 23:18:15,jdsfighter,55.0,0,0,1
2025-01-07 23:18:15,theyagich,37.0,0,0,0
2025-01-07 23:18:15,intelijens,9.0,0,0,0
2025-01-07 23:18:15,jkpockets,7.0,0,0,0
2025-01-07 23:18:15,fast1con,7.0,0,0,0
2025-01-07 23:18:15,youngbrakes,7.0,0,0,0
2025-01-07 23:18:15,noteclip,5.0,0,0,0
2025-01-07 23:18:15,thecaptainchill,3.0,0,0,0
2025-01-07 23:18:15,fizzythevisionary,2.0,0,0,0
2025-01-07 23:18:15,robotech83,1.0,0,0,0
2025-01-07 23:18:15,norwegian_oiler,1.0,0,0,0
2025-01-07 23:18:15,streamelements,1.0,0,0,0
2025-01-07 23:18:15,insanekrazy,0.0,0,0,0
2025-01-07 23:18:15,ladyhulkx,0.0,0,0,0
2025-01-07 23:18:15,physbuzz,0.0,0,0,0
2025-01-07 18:06:59,robodom_,64.0,1,0,0
2025-01-07 18:06:59,theyagich,57.5,0,1,0
2025-01-07 18:06:59,cavemancrafting,27.0,0,0,1
2025-01-07 18:06:59,nimbus7x,19.5,0,0,0
2025-01-07 18:06:59,mai57,14.0,0,0,0
2025-01-07 18:06:59,t3h_danger,12.0,0,0,0
2025-01-07 18:06:59,icon33,12.0,0,0,0
2025-01-07 18:06:59,grimybadger,10.5,0,0,0
2025-01-07 18:06:59,tvjosh,4.0,0,0,0
2025-01-07 18:06:59,eigentourist,3.0,0,0,0
2025-01-07 18:06:59,famishededitz,3.0,0,0,0
2025-01-07 18:06:59,mattbirdsquest,2.0,0,0,0
2025-01-07 18:06:59,jkpockets,2.0,0,0,0
2025-01-07 18:06:59,renerod1,1.0,0,0,0
2025-01-07 18:06:59,madstork91,1.0,0,0,0
2025-01-07 18:06:59,youngbrakes,0.0,0,0,0
2025-01-07 18:06:59,poseidonmagna,0.0,0,0,0
2025-01-07 18:06:59,taniwha3,0.0,0,0,0
2025-01-07 18:06:59,physbuzz,0.0,0,0,0
2025-01-07 18:06:59,catndev,0.0,0,0,0
2025-01-07 18:06:59,shak390,0.0,0,0,0
2025-01-06 21:49:31,robotech83,4.0,1,0,0
2025-01-06 21:49:31,mmlvx,2.0,0,1,0
2025-01-06 18:26:04,robodom_,94.0,1,0,0
2025-01-06 18:26:04,theyagich,61.0,0,1,0
2025-01-06 18:26:04,madstork91,38.5,0,0,1
2025-01-06 18:26:04,shak390,38.5,0,0,0
2025-01-06 18:26:04,famishededitz,34.5,0,0,0
2025-01-06 18:26:04,grimybadger,32.0,0,0,0
2025-01-06 18:26:04,thelummen,27.5,0,0,0
2025-01-06 18:26:04,taniwha3,26.0,0,0,0
2025-01-06 18:26:04,eigentourist,23.0,0,0,0
2025-01-06 18:26:04,bowman0667,16.0,0,0,0
2025-01-06 18:26:04,hyjules,13.0,0,0,0
2025-01-06 18:26:04,falinere,10.0,0,0,0
2025-01-06 18:26:04,maddiethedaddie,9.0,0,0,0
2025-01-06 18:26:04,fossunleashed,7.0,0,0,0
2025-01-06 18:26:04,neptune102,7.0,0,0,0
2025-01-06 18:26:04,mattbirdsquest,5.0,0,0,0
2025-01-06 18:26:04,t3h_danger,4.0,0,0,0
2025-01-06 18:26:04,fishermanguybro,3.0,0,0,0
2025-01-06 18:26:04,lefishe90,2.0,0,0,0
2025-01-06 18:26:04,highqualitay,2.0,0,0,0
2025-01-06 18:26:04,emilyorriginal,2.0,0,0,0
2025-01-06 18:26:04,pink_umbrella,2.0,0,0,0
2025-01-06 18:26:04,youngbrakes,1.0,0,0,0
2025-01-06 18:26:04,fizzythevisionary,1.0,0,0,0
2025-01-06 18:26:04,pinkmvngu,1.0,0,0,0
2025-01-06 18:26:04,switchsiren,1.0,0,0,0
2025-01-06 18:26:04,lostinfandom,1.0,0,0,0
2025-01-06 18:26:04,earlgreybby,1.0,0,0,0
2025-01-06 18:26:04,merlinguy,1.0,0,0,0
2025-01-06 18:26:04,lilburgerlive,1.0,0,0,0
2025-01-06 18:26:04,tvjosh,1.0,0,0,0
2025-01-06 18:26:04,poseidonmagna,0.0,0,0,0
2025-01-06 18:26:04,shapestar,0.0,0,0,0
2025-01-06 18:26:04,eatbytes2,0.0,0,0,0
2025-01-06 18:26:04,heyneke_,0.0,0,0,0
2025-01-06 18:26:04,trilliumsmith,0.0,0,0,0
2025-01-06 18:26:04,simulakrum,0.0,0,0,0
2025-01-06 18:26:04,alliemiller23,0.0,0,0,0
2025-01-06 18:26:04,hokiechemist,0.0,0,0,0
2025-01-06 18:26:04,corporalki_reader,0.0,0,0,0
2025-01-06 18:26:04,bork_23,0.0,0,0,0
2025-01-06 18:26:04,moose_mafia,0.0,0,0,0
2025-01-06 18:26:04,mimi_joy3,0.0,0,0,0
2025-01-06 18:26:04,sp00ky_shelbs,0.0,0,0,0
2025-01-06 18:26:04,thaliaag72,0.0,0,0,0
2025-01-06 18:26:04,imperfectlyem,0.0,0,0,0
2025-01-06 18:26:04,chic_lifestyle,0.0,0,0,0
2025-01-06 18:26:04,jkpockets,0.0,0,0,0
2025-01-06 18:26:04,thecaptainchill,0.0,0,0,0
2025-01-06 18:26:04,imthenew,0.0,0,0,0
2025-01-06 18:26:04,ibrakem,0.0,0,0,0
2025-01-01 03:36:55,robodom_,214.5,1,0,0
2025-01-01 03:36:55,productivetime,43.5,0,1,0
2025-01-01 03:36:55,theyagich,28.5,0,0,1
2025-01-01 03:36:55,typeerrordev,28.0,0,0,0
2025-01-01 03:36:55,sockheadrps,22.0,0,0,0
2025-01-01 03:36:55,taniwha3,17.0,0,0,0
2025-01-01 03:36:55,renerod1,15.0,0,0,0
2025-01-01 03:36:55,jkpockets,12.0,0,0,0
2025-01-01 03:36:55,fizzythevisionary,11.0,0,0,0
2025-01-01 03:36:55,famishededitz,9.0,0,0,0
2025-01-01 03:36:55,jayisback1,4.0,0,0,0
2025-01-01 03:36:55,robotech83,3.0,0,0,0
2025-01-01 03:36:55,thecaptainchill,2.0,0,0,0
2025-01-01 03:36:55,shak390,2.0,0,0,0
2025-01-01 03:36:55,tg_khalil,2.0,0,0,0
2025-01-01 03:36:55,patchiebob,1.0,0,0,0
2025-01-01 03:36:55,thelinuxdeveloper,1.0,0,0,0
2025-01-01 03:36:55,oconnor2313,0.0,0,0,0
2025-01-01 03:36:55,insanekrazy,0.0,0,0,0
2025-01-01 03:36:55,bateytv,0.0,0,0,0
2025-01-01 03:36:55,simulakrum,0.0,0,0,0
2025-01-01 03:36:55,ghostdaddy,0.0,0,0,0
2024-12-20 02:20:18,robodom_,97.5,1,0,0
2024-12-20 02:20:18,thecaptainchill,17.0,0,1,0
2024-12-20 02:20:18,fast1con,17.0,0,0,1
2024-12-20 02:20:18,famishededitz,9.0,0,0,0
2024-12-20 02:20:18,ozookev,6.0,0,0,0
2024-12-20 02:20:18,tvjosh,4.0,0,0,0
2024-12-20 02:20:18,badnintendo,3.5,0,0,0
2024-12-20 02:20:18,ll1pp3666,2.0,0,0,0
2024-12-20 02:20:18,simulakrum,2.0,0,0,0
2024-12-20 02:20:18,stephenballball,1.0,0,0,0
2024-12-20 02:20:18,javagrunt,1.0,0,0,0
2024-12-20 02:20:18,grimybadger,0.5,0,0,0
2024-12-20 02:20:18,intelijens,0.0,0,0,0
2024-12-20 02:20:18,kingsacrificer,-0.5,0,0,0
2024-12-19 02:41:40,sockheadrps,66.5,1,0,0
2024-12-19 02:41:40,simulakrum,36.5,0,1,0
2024-12-19 02:41:40,mattbirdsquest,34.0,0,0,1
2024-12-19 02:41:40,theyagich,31.0,0,0,0
2024-12-19 02:41:40,robodom_,25.0,0,0,0
2024-12-19 02:41:40,taniwha3,19.0,0,0,0
2024-12-19 02:41:40,poseidonmagna,18.0,0,0,0
2024-12-19 02:41:40,blaiselabs,16.0,0,0,0
2024-12-19 02:41:40,kobalt_strike,12.0,0,0,0
2024-12-19 02:41:40,famishededitz,8.5,0,0,0
2024-12-19 02:41:40,thecaptainchill,8.0,0,0,0
2024-12-19 02:41:40,10x_programmer,6.0,0,0,0
2024-12-19 02:41:40,cronozero15,4.5,0,0,0
2024-12-19 02:41:40,grandbuh,3.0,0,0,0
2024-12-19 02:41:40,snincogames,3.0,0,0,0
2024-12-19 02:41:40,icon33,2.0,0,0,0
2024-12-19 02:41:40,alpha_beta_gabe,1.0,0,0,0
2024-12-19 02:41:40,uk_andrew,1.0,0,0,0
2024-12-19 02:41:40,lefishe90,0.5,0,0,0
2024-12-19 02:41:40,grimybadger,0.0,0,0,0
2024-12-19 02:41:40,tvjosh,0.0,0,0,0
2024-12-19 02:41:40,jayisback1,0.0,0,0,0
2024-12-18 01:51:44,q_ultimas,149.0,1,0,0
2024-12-18 01:51:44,grimybadger,100.5,0,1,0
2024-12-18 01:51:44,robodom_,77.5,0,0,1
2024-12-18 01:51:44,productivetime,66.0,0,0,0
2024-12-18 01:51:44,ikikaizen,62.0,0,0,0
2024-12-18 01:51:44,immrd,39.5,0,0,0
2024-12-18 01:51:44,barzenoki,35.0,0,0,0
2024-12-18 01:51:44,simulakrum,31.0,0,0,0
2024-12-18 01:51:44,lefishe90,25.0,0,0,0
2024-12-18 01:51:44,renerod1,24.5,0,0,0
2024-12-18 01:51:44,sockheadrps,20.0,0,0,0
2024-12-18 01:51:44,getsomefood,9.0,0,0,0
2024-12-18 01:51:44,mattbirdsquest,8.5,0,0,0
2024-12-18 01:51:44,fast1con,8.0,0,0,0
2024-12-18 01:51:44,famishededitz,5.0,0,0,0
2024-12-18 01:51:44,leahtcodes,5.0,0,0,0
2024-12-18 01:51:44,theraggi,4.0,0,0,0
2024-12-18 01:51:44,mikenhil,3.0,0,0,0
2024-12-18 01:51:44,jayisback1,2.0,0,0,0
2024-12-18 01:51:44,insanekrazy,2.0,0,0,0
2024-12-18 01:51:44,thecaptainchill,1.0,0,0,0
2024-12-18 01:51:44,removejordan,0.0,0,0,0
2024-12-18 01:51:44,ghostdaddy,0.0,0,0,0
2024-12-18 01:51:44,cadenburleson,0.0,0,0,0
2024-12-18 01:51:44,buprt,0.0,0,0,0
2024-12-17 00:32:57,mattbirdsquest,56.0,1,0,0
2024-12-17 00:32:57,theyagich,49.5,0,1,0
2024-12-17 00:32:57,renerod1,17.0,0,0,1
2024-12-17 00:32:57,imthenew,12.0,0,0,0
2024-12-17 00:32:57,robotech83,7.0,0,0,0
2024-12-17 00:32:57,thecaptainchill,5.0,0,0,0
2024-12-17 00:32:57,atomfighter10101,2.0,0,0,0
2024-12-17 00:32:57,mdsoul,0.0,0,0,0
2024-12-17 00:32:57,mechajdi,0.0,0,0,0
2024-12-12 22:03:41,grimybadger,39.5,1,0,0
2024-12-12 22:03:41,cryseonuwu,14.5,0,1,0
2024-12-12 22:03:41,getsomefood,8.0,0,0,1
2024-12-12 22:03:41,robotech83,6.0,0,0,0
2024-12-12 22:03:41,robodom_,5.0,0,0,0
2024-12-12 22:03:41,queendorx,3.0,0,0,0
2024-12-12 22:03:41,renerod1,2.0,0,0,0
2024-12-12 22:03:41,thecaptainchill,1.0,0,0,0
2024-12-12 22:03:41,theyagich,1.0,0,0,0
2024-12-12 22:03:00,grimybadger,38.5,1,0,0
2024-12-12 22:03:00,cryseonuwu,12.5,0,1,0
2024-12-12 22:03:00,getsomefood,8.0,0,0,1
2024-12-12 22:03:00,robotech83,6.0,0,0,0
2024-12-12 22:03:00,robodom_,5.0,0,0,0
2024-12-12 22:03:00,queendorx,3.0,0,0,0
2024-12-12 22:03:00,renerod1,2.0,0,0,0
2024-12-12 22:03:00,thecaptainchill,1.0,0,0,0
2024-12-12 22:03:00,theyagich,1.0,0,0,0
2024-12-12 00:33:22,grimybadger,49.5,1,0,0
2024-12-12 00:33:22,theyagich,46.0,0,1,0
2024-12-12 00:33:22,robodom_,39.5,0,0,1
2024-12-12 00:33:22,lefishe90,24.0,0,0,0
2024-12-12 00:33:22,javagrunt,8.0,0,0,0
2024-12-12 00:33:22,kercules_saves,7.0,0,0,0
2024-12-12 00:33:22,eigentourist,7.0,0,0,0
2024-12-12 00:33:22,getsomefood,4.0,0,0,0
2024-12-12 00:33:22,mattbirdsquest,4.0,0,0,0
2024-12-12 00:33:22,firecodeman69,2.0,0,0,0
2024-12-12 00:33:22,thecaptainchill,1.0,0,0,0
2024-12-12 00:33:22,pheezustv,1.0,0,0,0
2024-12-12 00:33:22,ghostdaddy,1.0,0,0,0
2024-12-12 00:33:22,robotech83,0.0,0,0,0
2024-12-12 00:33:22,streamelements,0.0,0,0,0
2024-12-12 00:33:22,mmlvx,0.0,0,0,0
2024-12-10 23:59:12,grimybadger,158.0,1,0,0
2024-12-10 23:59:12,leahtcodes,75.5,0,1,0
2024-12-10 23:59:12,robodom_,69.0,0,0,1
2024-12-10 23:59:12,theyagich,37.0,0,0,0
2024-12-10 23:59:12,lefishe90,23.5,0,0,0
2024-12-10 23:59:12,william_pittman06,11.0,0,0,0
2024-12-10 23:59:12,jkpockets,9.0,0,0,0
2024-12-10 23:59:12,robotech83,8.0,0,0,0
2024-12-10 23:59:12,getsomefood,7.0,0,0,0
2024-12-10 23:59:12,mdsoul,6.0,0,0,0
2024-12-10 23:59:12,thecaptainchill,5.0,0,0,0
2024-12-10 23:59:12,theframplay,3.0,0,0,0
2024-12-10 23:59:12,ghostdaddy,2.0,0,0,0
2024-12-10 23:59:12,veranos__,1.0,0,0,0
2024-12-10 23:59:12,fossunleashed,1.0,0,0,0
2024-12-10 23:59:12,celestethebest88,0.0,0,0,0
2024-12-10 15:29:04,theyagich,64.5,1,0,0
2024-12-10 15:29:04,cavemancrafting,45.5,0,1,0
2024-12-10 15:29:04,robodom_,31.5,0,0,1
2024-12-10 15:29:04,ikikaizen,17.0,0,0,0
2024-12-10 15:29:04,jdsfighter,12.5,0,0,0
2024-12-10 15:29:04,renerod1,11.0,0,0,0
2024-12-10 15:29:04,eigentourist,10.5,0,0,0
2024-12-10 15:29:04,potliquor,9.0,0,0,0
2024-12-10 15:29:04,getsomefood,7.0,0,0,0
2024-12-10 15:29:04,l3thaln3ss,5.5,0,0,0
2024-12-10 15:29:04,poseidonmagna,5.0,0,0,0
2024-12-10 15:29:04,taniwha3,4.0,0,0,0
2024-12-10 15:29:04,bateytv,2.5,0,0,0
2024-12-10 15:29:04,codingvibe,2.0,0,0,0
2024-12-10 15:29:04,robotech83,1.0,0,0,0
2024-12-10 15:29:04,xowilough,1.0,0,0,0
2024-12-10 15:29:04,cb_hotboy_1011,1.0,0,0,0
2024-12-10 15:29:04,inijson,0.0,0,0,0
2024-12-10 15:29:04,thecaptainchill,0.0,0,0,0
2024-12-10 15:29:04,mraxetv,0.0,0,0,0
2024-12-10 15:29:04,rpalmpinoy,0.0,0,0,0
2024-12-10 15:29:04,akira_the_ai,0.0,0,0,0
2024-12-10 00:20:13,eigentourist,37.5,1,0,0
2024-12-10 00:20:13,bateytv,33.5,0,1,0
2024-12-10 00:20:13,taniwha3,31.5,0,0,1
2024-12-10 00:20:13,fossunleashed,25.5,0,0,0
2024-12-10 00:20:13,jdsfighter,15.5,0,0,0
2024-12-10 00:20:13,worstdoto,13.5,0,0,0
2024-12-10 00:20:13,theyagich,13.0,0,0,0
2024-12-10 00:20:13,lefishe90,13.0,0,0,0
2024-12-10 00:20:13,atreidesnuts,5.0,0,0,0
2024-12-10 00:20:13,robotech83,2.0,0,0,0
2024-12-10 00:20:13,mattbirdsquest,2.0,0,0,0
2024-12-10 00:20:13,fast1con,2.0,0,0,0
2024-12-10 00:20:13,kevburnsjr,1.0,0,0,0
2024-12-10 00:20:13,grimybadger,0.5,0,0,0
2024-12-10 00:20:13,thelinuxdeveloper,0.0,0,0,0
2024-12-10 00:20:13,mmlvx,0.0,0,0,0
2024-12-06 01:00:56,miniscruff,79.0,1,0,0
2024-12-06 01:00:56,robodom_,75.5,0,1,0
2024-12-06 01:00:56,william_pittman06,50.5,0,0,1
2024-12-06 01:00:56,productivetime,47.0,0,0,0
2024-12-06 01:00:56,sockheadrps,38.5,0,0,0
2024-12-06 01:00:56,renerod1,33.0,0,0,0
2024-12-06 01:00:56,peepawttv,18.0,0,0,0
2024-12-06 01:00:56,producdevityvr,11.0,0,0,0
2024-12-06 01:00:56,fast1con,7.0,0,0,0
2024-12-06 01:00:56,fossunleashed,5.0,0,0,0
2024-12-06 01:00:56,mattbirdsquest,3.5,0,0,0
2024-12-06 01:00:56,koffe_234fo,1.0,0,0,0
2024-12-06 01:00:56,tvjosh,1.0,0,0,0
2024-12-06 01:00:56,negativeptr,1.0,0,0,0
2024-12-06 01:00:56,beyondhereliesnothing,0.0,0,0,0
2024-12-06 01:00:56,thecaptainchill,0.0,0,0,0
2024-12-06 01:00:56,blaiselabs,0.0,0,0,0
2024-12-06 01:00:56,ghostdaddy,0.0,0,0,0
2024-12-05 00:03:28,robodom_,57.0,1,0,0
2024-12-05 00:03:28,toluafo,36.0,0,1,0
2024-12-05 00:03:28,stephenballball,27.5,0,0,1
2024-12-05 00:03:28,peepawttv,17.0,0,0,0
2024-12-05 00:03:28,renerod1,16.5,0,0,0
2024-12-05 00:03:28,getsomefood,15.0,0,0,0
2024-12-05 00:03:28,sockheadrps,11.5,0,0,0
2024-12-05 00:03:28,robotech83,10.5,0,0,0
2024-12-05 00:03:28,eigentourist,7.0,0,0,0
2024-12-05 00:03:28,lefishe90,6.5,0,0,0
2024-12-05 00:03:28,everx80,5.0,0,0,0
2024-12-05 00:03:28,haxxr492,3.0,0,0,0
2024-12-05 00:03:28,glno52,3.0,0,0,0
2024-12-05 00:03:28,xowilough,1.0,0,0,0
2024-12-05 00:03:28,thecaptainchill,1.0,0,0,0
2024-12-05 00:03:28,kenyyhy,1.0,0,0,0
2024-12-05 00:03:28,grimybadger,0.0,0,0,0
2024-12-05 00:03:28,blaiselabs,0.0,0,0,0
2024-12-05 00:03:28,npxsaka,-2.0,0,0,0
2024-12-04 00:28:22,robodom_,77.5,1,0,0
2024-12-04 00:28:22,renerod1,54.5,0,1,0
2024-12-04 00:28:22,getsomefood,30.5,0,0,1
2024-12-04 00:28:22,mattbirdsquest,24.0,0,0,0
2024-12-04 00:28:22,miniscruff,24.0,0,0,0
2024-12-04 00:28:22,cptchika,10.0,0,0,0
2024-12-04 00:28:22,npxsaka,8.5,0,0,0
2024-12-04 00:28:22,taniwha3,7.0,0,0,0
2024-12-04 00:28:22,typeerrordev,7.0,0,0,0
2024-12-04 00:28:22,fredybunnysito,5.0,0,0,0
2024-12-04 00:28:22,chrispnugget,3.0,0,0,0
2024-12-04 00:28:22,javagrunt,2.0,0,0,0
2024-12-04 00:28:22,fizzythevisionary,2.0,0,0,0
2024-12-04 00:28:22,fossunleashed,1.0,0,0,0
2024-12-04 00:28:22,alpha_beta_gabe,1.0,0,0,0
2024-12-04 00:28:22,krikit_,1.0,0,0,0
2024-12-04 00:28:22,stephenballball,1.0,0,0,0
2024-12-04 00:28:22,eqya,1.0,0,0,0
2024-12-04 00:28:22,mailbox_new,1.0,0,0,0
2024-12-04 00:28:22,grimybadger,0.0,0,0,0
2024-12-04 00:28:22,robotech83,0.0,0,0,0
2024-12-04 00:28:22,kercules_saves,0.0,0,0,0
2024-12-04 00:28:22,bellum128,0.0,0,0,0
2024-12-04 00:28:22,tarb_,0.0,0,0,0
2024-12-03 17:28:27,theyagich,148.0,1,0,0
2024-12-03 17:28:27,robodom_,98.0,0,1,0
2024-12-03 17:28:27,javagrunt,90.5,0,0,1
2024-12-03 17:28:27,fossunleashed,62.0,0,0,0
2024-12-03 17:28:27,simulakrum,58.0,0,0,0
2024-12-03 17:28:27,stephenballball,54.5,0,0,0
2024-12-03 17:28:27,madstork91,47.0,0,0,0
2024-12-03 17:28:27,taniwha3,41.0,0,0,0
2024-12-03 17:28:27,eigentourist,37.0,0,0,0
2024-12-03 17:28:27,fizzythevisionary,36.0,0,0,0
2024-12-03 17:28:27,thecaptainchill,26.5,0,0,0
2024-12-03 17:28:27,crayoncrayoff,19.5,0,0,0
2024-12-03 17:28:27,shak390,14.5,0,0,0
2024-12-03 17:28:27,peepawttv,14.0,0,0,0
2024-12-03 17:28:27,mattbirdsquest,13.5,0,0,0
2024-12-03 17:28:27,renerod1,11.0,0,0,0
2024-12-03 17:28:27,firecodeman69,9.0,0,0,0
2024-12-03 17:28:27,seafilmz,9.0,0,0,0
2024-12-03 17:28:27,dandymcgee,7.5,0,0,0
2024-12-03 17:28:27,alpha_beta_gabe,7.0,0,0,0
2024-12-03 17:28:27,fast1con,6.0,0,0,0
2024-12-03 17:28:27,blaiselabs,5.5,0,0,0
2024-12-03 17:28:27,famishededitz,5.0,0,0,0
2024-12-03 17:28:27,npxsaka,3.0,0,0,0
2024-12-03 17:28:27,augustris,2.0,0,0,0
2024-12-03 17:28:27,necroticshadows_,0.0,0,0,0
2024-12-03 17:28:27,xowilough,0.0,0,0,0
2024-12-03 17:28:27,ghostdaddy,0.0,0,0,0
2024-12-03 17:28:27,productivetime,0.0,0,0,0
2024-12-03 17:28:27,inijson,0.0,0,0,0
2024-12-02 23:48:08,robodom_,37.5,1,0,0
2024-12-02 23:48:08,rythondev,26.5,0,1,0
2024-12-02 23:48:08,famishededitz,17.5,0,0,1
2024-12-02 23:48:08,cavemancrafting,14.5,0,0,0
2024-12-02 23:48:08,profchud,12.0,0,0,0
2024-12-02 23:48:08,insaintly96,11.5,0,0,0
2024-12-02 23:48:08,madstork91,8.5,0,0,0
2024-12-02 23:48:08,thelinuxdeveloper,7.0,0,0,0
2024-12-02 23:48:08,renerod1,5.0,0,0,0
2024-12-02 23:48:08,stephenballball,4.5,0,0,0
2024-12-02 23:48:08,streamelements,0.0,0,0,0
2024-12-02 23:48:08,tarb_,-1.5,0,0,0
2024-11-27 15:27:00,mattbirdsquest,56.0,1,0,0
2024-11-27 15:27:00,taniwha3,32.5,0,1,0
2024-11-27 15:27:00,seafilmz,19.5,0,0,1
2024-11-27 15:27:00,renerod1,16.0,0,0,0
2024-11-27 15:27:00,william_pittman06,16.0,0,0,0
2024-11-27 15:27:00,theyagich,16.0,0,0,0
2024-11-27 15:27:00,productivetime,14.5,0,0,0
2024-11-27 15:27:00,twinkletoeswz,14.0,0,0,0
2024-11-27 15:27:00,cosmic_gumbo_,11.0,0,0,0
2024-11-27 15:27:00,grimybadger,10.0,0,0,0
2024-11-27 15:27:00,thecaptainchill,9.0,0,0,0
2024-11-27 15:27:00,heyneke_,6.0,0,0,0
2024-11-27 15:27:00,faux_machina,4.0,0,0,0
2024-11-27 15:27:00,robotech83,2.0,0,0,0
2024-11-27 15:27:00,physbuzz,2.0,0,0,0
2024-11-27 15:27:00,xowilough,1.0,0,0,0
2024-11-27 15:27:00,blueberrybean245,1.0,0,0,0
2024-11-27 15:27:00,insanekrazy,0.0,0,0,0
2024-11-27 15:27:00,ghostdaddy,0.0,0,0,0
2024-11-27 15:27:00,streamelements,0.0,0,0,0
2024-11-26 23:03:19,grimybadger,106.0,1,0,0
2024-11-26 23:03:19,robodom_,78.0,0,1,0
2024-11-26 23:03:19,mattbirdsquest,27.0,0,0,1
2024-11-26 23:03:19,theyagich,17.0,0,0,0
2024-11-26 23:03:19,yungbishop_,14.0,0,0,0
2024-11-26 23:03:19,mottzymakes,10.5,0,0,0
2024-11-26 23:03:19,poseidonmagna,9.0,0,0,0
2024-11-26 23:03:19,thecaptainchill,4.0,0,0,0
2024-11-26 23:03:19,famishededitz,2.5,0,0,0
2024-11-26 23:03:19,renerod1,2.0,0,0,0
2024-11-26 23:03:19,jackysprinkles,0.0,0,0,0
2024-11-26 23:03:19,tushgaurav,0.0,0,0,0
2024-11-26 23:03:19,fast1con,0.0,0,0,0
2024-11-26 23:03:19,crazycrystals,0.0,0,0,0
2024-11-25 23:34:45,robodom_,57.0,1,0,0
2024-11-25 23:34:45,theyagich,29.0,0,1,0
2024-11-25 23:34:45,grimybadger,27.0,0,0,1
2024-11-25 23:34:45,jujoco_dev,27.0,0,0,0
2024-11-25 23:34:45,about4armyranger,22.5,0,0,0
2024-11-25 23:34:45,cmgriffing,22.0,0,0,0
2024-11-25 23:34:45,thecaptainchill,20.0,0,0,0
2024-11-25 23:34:45,clarkthedarkshark,12.5,0,0,0
2024-11-25 23:34:45,nhancodes,10.0,0,0,0
2024-11-25 23:34:45,robotech83,8.0,0,0,0
2024-11-25 23:34:45,xowilough,8.0,0,0,0
2024-11-25 23:34:45,javagrunt,8.0,0,0,0
2024-11-25 23:34:45,kenyyhy,8.0,0,0,0
2024-11-25 23:34:45,productivetime,5.5,0,0,0
2024-11-25 23:34:45,theraggi,3.0,0,0,0
2024-11-25 23:34:45,renerod1,3.0,0,0,0
2024-11-25 23:34:45,pheezustv,1.0,0,0,0
2024-11-21 02:11:17,getsomefood,60.5,1,0,0
2024-11-21 02:11:17,robodom_,58.5,0,1,0
2024-11-21 02:11:17,ros3ttast0ned,53.0,0,0,1
2024-11-21 02:11:17,mattbirdsquest,50.0,0,0,0
2024-11-21 02:11:17,renerod1,35.5,0,0,0
2024-11-21 02:11:17,famishededitz,25.0,0,0,0
2024-11-21 02:11:17,productivetime,5.0,0,0,0
2024-11-21 02:11:17,poseidonmagna,5.0,0,0,0
2024-11-21 02:11:17,thecaptainchill,4.0,0,0,0
2024-11-21 02:11:17,kenyyhy,2.0,0,0,0
2024-11-21 02:11:17,typeerrordev,2.0,0,0,0
2024-11-21 02:11:17,chocolate_wave,2.0,0,0,0
2024-11-21 02:11:17,keraion,0.0,0,0,0
2024-11-21 02:11:17,omn0mn0m,0.0,0,0,0
2024-11-21 02:11:17,ghostdaddy,0.0,0,0,0
2024-11-20 00:07:42,robodom_,87.0,1,0,0
2024-11-20 00:07:42,mikenhil,28.5,0,1,0
2024-11-20 00:07:42,thelinuxdeveloper,26.0,0,0,1
2024-11-20 00:07:42,thecaptainchill,25.0,0,0,0
2024-11-20 00:07:42,renerod1,10.5,0,0,0
2024-11-20 00:07:42,famishededitz,6.0,0,0,0
2024-11-20 00:07:42,tvjosh,6.0,0,0,0
2024-11-20 00:07:42,fast1con,5.0,0,0,0
2024-11-20 00:07:42,hollyluck,3.0,0,0,0
2024-11-20 00:07:42,mwest,2.5,0,0,0
2024-11-20 00:07:42,eigentourist,2.0,0,0,0
2024-11-20 00:07:42,kenyyhy,1.0,0,0,0
2024-11-20 00:07:42,fpscybe,0.0,0,0,0
2024-11-20 00:07:42,usedchopstick_,0.0,0,0,0
2024-11-20 00:07:42,norwegian_oiler,0.0,0,0,0
2024-11-20 00:07:42,mdsoul,0.0,0,0,0
2024-11-20 00:07:42,ghostdaddy,0.0,0,0,0
2024-11-18 23:53:11,grimybadger,87.5,1,0,0
2024-11-18 23:53:11,miniscruff,65.0,0,1,0
2024-11-18 23:53:11,mikenhil,17.5,0,0,1
2024-11-18 23:53:11,robodom_,17.0,0,0,0
2024-11-18 23:53:11,renerod1,16.0,0,0,0
2024-11-18 23:53:11,potliquor,12.5,0,0,0
2024-11-18 23:53:11,icon33,12.0,0,0,0
2024-11-18 23:53:11,sockheadrps,9.0,0,0,0
2024-11-18 23:53:11,theraggi,6.5,0,0,0
2024-11-18 23:53:11,taniwha3,3.0,0,0,0
2024-11-18 23:53:11,felixsoum,3.0,0,0,0
2024-11-18 23:53:11,famishededitz,2.0,0,0,0
2024-11-18 23:53:11,l3thaln3ss,2.0,0,0,0
2024-11-18 23:53:11,omarrr64,1.0,0,0,0
2024-11-18 23:53:11,nbmatt,1.0,0,0,0
2024-11-15 01:06:41,robodom_,87.5,1,0,0
2024-11-15 01:06:41,theyagich,53.0,0,1,0
2024-11-15 01:06:41,eigentourist,41.5,0,0,1
2024-11-15 01:06:41,sockheadrps,38.0,0,0,0
2024-11-15 01:06:41,renerod1,26.0,0,0,0
2024-11-15 01:06:41,lilozine,11.0,0,0,0
2024-11-15 01:06:41,blogos47,9.0,0,0,0
2024-11-15 01:06:41,euler_lied,6.0,0,0,0
2024-11-15 01:06:41,c0dec0re,4.0,0,0,0
2024-11-15 01:06:41,trycatch_tv,4.0,0,0,0
2024-11-15 01:06:41,fast1con,3.0,0,0,0
2024-11-15 01:06:41,famishededitz,2.0,0,0,0
2024-11-15 01:06:41,yo_its_lj,2.0,0,0,0
2024-11-15 01:06:41,hellhound1406,1.0,0,0,0
2024-11-15 01:06:41,ghostdaddy,0.0,0,0,0
2024-11-15 01:06:41,xowilough,0.0,0,0,0
2024-11-15 01:06:41,redlilsleepy,-0.5,0,0,0
2024-11-06 02:10:44,falinere,143.5,1,0,0
2024-11-06 02:10:44,robodom_,130.5,0,1,0
2024-11-06 02:10:44,valkeryias,119.0,0,0,1
2024-11-06 02:10:44,yungbishop_,110.0,0,0,0
2024-11-06 02:10:44,shak390,97.5,0,0,0
2024-11-06 02:10:44,eigentourist,91.5,0,0,0
2024-11-06 02:10:44,earend,77.5,0,0,0
2024-11-06 02:10:44,miniscruff,76.5,0,0,0
2024-11-06 02:10:44,icon33,60.0,0,0,0
2024-11-06 02:10:44,thelinuxdeveloper,57.5,0,0,0
2024-11-06 02:10:44,theyagich,54.0,0,0,0
2024-11-06 02:10:44,xphoenix2933x,52.5,0,0,0
2024-11-06 02:10:44,grandbuh,41.0,0,0,0
2024-11-06 02:10:44,patchiebob,41.0,0,0,0
2024-11-06 02:10:44,ultrastar_inc,41.0,0,0,0
2024-11-06 02:10:44,mikenhil,37.0,0,0,0
2024-11-06 02:10:44,kercules_saves,29.5,0,0,0
2024-11-06 02:10:44,lefishe90,24.0,0,0,0
2024-11-06 02:10:44,kmartinez915,24.0,0,0,0
2024-11-06 02:10:44,black4101,20.0,0,0,0
2024-11-06 02:10:44,xallomilo,18.0,0,0,0
2024-11-06 02:10:44,poseidonmagna,18.0,0,0,0
2024-11-06 02:10:44,mikeecodes,17.0,0,0,0
2024-11-06 02:10:44,wolbee,17.0,0,0,0
2024-11-06 02:10:44,mariaintentions,14.0,0,0,0
2024-11-06 02:10:44,firecodeman69,13.0,0,0,0
2024-11-06 02:10:44,famishededitz,13.0,0,0,0
2024-11-06 02:10:44,stderr_dk,12.5,0,0,0
2024-11-06 02:10:44,esternocleidoma,10.0,0,0,0
2024-11-06 02:10:44,rumpelforcekin,10.0,0,0,0
2024-11-06 02:10:44,theraggi,10.0,0,0,0
2024-11-06 02:10:44,grimybadger,9.5,0,0,0
2024-11-06 02:10:44,girliefileformat,8.0,0,0,0
2024-11-06 02:10:44,taniwha3,8.0,0,0,0
2024-11-06 02:10:44,ategondev,8.0,0,0,0
2024-11-06 02:10:44,omn0mn0m,6.5,0,0,0
2024-11-06 02:10:44,mattbirdsquest,6.0,0,0,0
2024-11-06 02:10:44,tvjosh,6.0,0,0,0
2024-11-06 02:10:44,fizzythevisionary,6.0,0,0,0
2024-11-06 02:10:44,mixusup,6.0,0,0,0
2024-11-06 02:10:44,shmellyorc,6.0,0,0,0
2024-11-06 02:10:44,ghostdaddy,5.0,0,0,0
2024-11-06 02:10:44,ssway,5.0,0,0,0
2024-11-06 02:10:44,undermywheel,4.0,0,0,0
2024-11-06 02:10:44,nightshadedude,4.0,0,0,0
2024-11-06 02:10:44,dispel000,4.0,0,0,0
2024-11-06 02:10:44,jackysprinkles,3.0,0,0,0
2024-11-06 02:10:44,renerod1,3.0,0,0,0
2024-11-06 02:10:44,mmlvx,3.0,0,0,0
2024-11-06 02:10:44,inijson,2.0,0,0,0
2024-11-06 02:10:44,robotech83,2.0,0,0,0
2024-11-06 02:10:44,nhancodes,2.0,0,0,0
2024-11-06 02:10:44,ladybluenotes,2.0,0,0,0
2024-11-06 02:10:44,thecoppinger,2.0,0,0,0
2024-11-06 02:10:44,gg123ppdd,2.0,0,0,0
2024-11-06 02:10:44,usedchopstick_,2.0,0,0,0
2024-11-06 02:10:44,s3rgioxd,1.5,0,0,0
2024-11-06 02:10:44,texoport,1.0,0,0,0
2024-11-06 02:10:44,captainmcfilthy,1.0,0,0,0
2024-11-06 02:10:44,mynameisrory31,1.0,0,0,0
2024-11-06 02:10:44,chocolate_wave,1.0,0,0,0
2024-11-06 02:10:44,10x_programmer,1.0,0,0,0
2024-11-06 02:10:44,greyysp,1.0,0,0,0
2024-11-06 02:10:44,mrunreasonable,1.0,0,0,0
2024-11-06 02:10:44,jossh2001_,1.0,0,0,0
2024-11-06 02:10:44,fast1con,0.5,0,0,0
2024-11-06 02:10:44,standardpointer,0.0,0,0,0
2024-11-06 02:10:44,thorndev115,0.0,0,0,0
2024-11-06 02:10:44,kreastricon,0.0,0,0,0
2024-11-06 02:10:44,cr0ryx,0.0,0,0,0
2024-11-06 02:10:44,jan_theb,0.0,0,0,0
2024-11-06 02:10:44,maddiethedaddie,0.0,0,0,0
2024-11-06 02:10:44,koopa1338,0.0,0,0,0
2024-11-06 02:10:44,brchatw,0.0,0,0,0
2024-11-06 02:10:44,ahmadaccino,0.0,0,0,0
2024-11-06 02:10:44,rabbit_xxxx,0.0,0,0,0
2024-11-01 00:55:44,robodom_,152.0,1,0,0
2024-11-01 00:55:44,famishededitz,83.0,0,1,0
2024-11-01 00:55:44,renerod1,25.0,0,0,1
2024-11-01 00:55:44,stanleycodes,15.5,0,0,0
2024-11-01 00:55:44,xowilough,12.0,0,0,0
2024-11-01 00:55:44,kromantiking,12.0,0,0,0
2024-11-01 00:55:44,l3thaln3ss,10.0,0,0,0
2024-11-01 00:55:44,yellonooo,7.0,0,0,0
2024-11-01 00:55:44,gbowne1,4.0,0,0,0
2024-11-01 00:55:44,badnintendo,3.0,0,0,0
2024-11-01 00:55:44,ar3alcoo1kat,3.0,0,0,0
2024-11-01 00:55:44,robotech83,2.0,0,0,0
2024-11-01 00:55:44,icon33,1.0,0,0,0
2024-11-01 00:55:44,theyagich,1.0,0,0,0
2024-11-01 00:55:44,ghostdaddy,0.0,0,0,0
2024-11-01 00:55:44,tvjosh,0.0,0,0,0
2024-10-30 23:52:09,taniwha3,22.0,1,0,0
2024-10-30 23:52:09,renerod1,6.0,0,1,0
2024-10-30 23:52:09,famishededitz,1.5,0,0,1
2024-10-30 00:44:57,theyagich,113.5,1,0,0
2024-10-30 00:44:57,robodom_,76.5,0,1,0
2024-10-30 00:44:57,rabbit_xxxx,46.5,0,0,1
2024-10-30 00:44:57,kromantiking,42.5,0,0,0
2024-10-30 00:44:57,famishededitz,29.0,0,0,0
2024-10-30 00:44:57,miniscruff,25.0,0,0,0
2024-10-30 00:44:57,renerod1,19.5,0,0,0
2024-10-30 00:44:57,hittaus,17.0,0,0,0
2024-10-30 00:44:57,robotech83,13.0,0,0,0
2024-10-30 00:44:57,10x_programmer,7.5,0,0,0
2024-10-30 00:44:57,lazarus345,4.0,0,0,0
2024-10-30 00:44:57,melkey,3.0,0,0,0
2024-10-30 00:44:57,victor_vickie,2.0,0,0,0
2024-10-30 00:44:57,trilliumsmith,1.0,0,0,0
2024-10-30 00:44:57,0zzmoziz,0.0,0,0,0
2024-10-30 00:44:57,keraion,0.0,0,0,0
2024-10-29 00:43:32,robodom_,110.5,1,0,0
2024-10-29 00:43:32,stanleycodes,33.0,0,1,0
2024-10-29 00:43:32,web3gl,27.0,0,0,1
2024-10-29 00:43:32,hyjules,22.5,0,0,0
2024-10-29 00:43:32,renerod1,19.5,0,0,0
2024-10-29 00:43:32,theyagich,19.0,0,0,0
2024-10-29 00:43:32,eigentourist,18.0,0,0,0
2024-10-29 00:43:32,dispel000,14.0,0,0,0
2024-10-29 00:43:32,poseidonmagna,12.0,0,0,0
2024-10-29 00:43:32,rabbit_xxxx,11.0,0,0,0
2024-10-29 00:43:32,blaiselabs,9.0,0,0,0
2024-10-29 00:43:32,az_vocal_local,7.5,0,0,0
2024-10-29 00:43:32,william_pittman06,4.0,0,0,0
2024-10-29 00:43:32,fast1con,4.0,0,0,0
2024-10-29 00:43:32,badnintendo,2.0,0,0,0
2024-10-29 00:43:32,cryseonuwu,1.0,0,0,0
2024-10-29 00:43:32,keraion,1.0,0,0,0
2024-10-29 00:43:32,madstork91,1.0,0,0,0
2024-10-29 00:43:32,robotech83,0.0,0,0,0
2024-10-29 00:43:32,10x_programmer,0.0,0,0,0
2024-10-29 00:43:32,stephenballball,0.0,0,0,0
2024-10-29 00:43:32,greyysp,0.0,0,0,0
2024-10-25 00:46:08,famishededitz,47.5,1,0,0
2024-10-25 00:46:08,mattbirdsquest,31.5,0,1,0
2024-10-25 00:46:08,mdsoul,16.0,0,0,1
2024-10-25 00:46:08,vtsxking,10.0,0,0,0
2024-10-25 00:46:08,renerod1,8.0,0,0,0
2024-10-25 00:46:08,william_pittman06,5.0,0,0,0
2024-10-25 00:46:08,ghostdaddy,1.0,0,0,0
2024-10-25 00:46:08,freedomdao,1.0,0,0,0
2024-10-25 00:46:08,robotech83,0.0,0,0,0
2024-10-25 00:46:08,inijson,0.0,0,0,0
2024-10-25 00:46:08,bobeethan,0.0,0,0,0
2024-10-24 02:04:44,robodom_,179.5,1,0,0
2024-10-24 02:04:44,famishededitz,94.5,0,1,0
2024-10-24 02:04:44,icon33,40.0,0,0,1
2024-10-24 02:04:44,theyagich,34.0,0,0,0
2024-10-24 02:04:44,renerod1,34.0,0,0,0
2024-10-24 02:04:44,grimybadger,27.0,0,0,0
2024-10-24 02:04:44,poseidonmagna,19.0,0,0,0
2024-10-24 02:04:44,bsantanascalper,14.0,0,0,0
2024-10-24 02:04:44,cybernerddante,11.0,0,0,0
2024-10-24 02:04:44,william_pittman06,5.5,0,0,0
2024-10-24 02:04:44,robotech83,4.0,0,0,0
2024-10-24 02:04:44,productivetime,3.0,0,0,0
2024-10-24 02:04:44,g0puxn,2.0,0,0,0
2024-10-24 02:04:44,xallomilo,2.0,0,0,0
2024-10-24 02:04:44,freshboywill,2.0,0,0,0
2024-10-24 02:04:44,a27cap,1.0,0,0,0
2024-10-24 02:04:44,iwasmateo,0.0,0,0,0
2024-10-24 02:04:44,inijson,0.0,0,0,0
2024-10-24 02:04:44,itskaartoos,0.0,0,0,0
2024-10-24 02:04:44,fast1con,0.0,0,0,0
2024-10-23 01:23:40,robodom_,83.0,1,0,0
2024-10-23 01:23:40,madstork91,69.0,0,1,0
2024-10-23 01:23:40,stephenballball,31.0,0,0,1
2024-10-23 01:23:40,poseidonmagna,15.0,0,0,0
2024-10-23 01:23:40,omnifidus,14.5,0,0,0
2024-10-23 01:23:40,renerod1,13.0,0,0,0
2024-10-23 01:23:40,mottzymakes,4.0,0,0,0
2024-10-23 01:23:40,thekingtroop,3.0,0,0,0
2024-10-23 01:23:40,bsantanascalper,3.0,0,0,0
2024-10-23 01:23:40,stealyourshoes,2.5,0,0,0
2024-10-23 01:23:40,william_pittman06,2.0,0,0,0
2024-10-23 01:23:40,inijson,1.0,0,0,0
2024-10-23 01:23:40,stanleycodes,1.0,0,0,0
2024-10-23 01:23:40,ghostdaddy,0.0,0,0,0
2024-10-23 01:23:40,kilboy_gaming,0.0,0,0,0
2024-10-23 01:23:40,saiforceone,0.0,0,0,0
2024-10-22 00:05:54,robodom_,50.0,1,0,0
2024-10-22 00:05:54,william_pittman06,20.0,0,1,0
2024-10-22 00:05:54,theyagich,17.5,0,0,1
2024-10-22 00:05:54,renerod1,15.5,0,0,0
2024-10-22 00:05:54,marekcounts,11.5,0,0,0
2024-10-22 00:05:54,shak390,10.0,0,0,0
2024-10-22 00:05:54,a27cap,6.0,0,0,0
2024-10-22 00:05:54,nhancodes,5.0,0,0,0
2024-10-22 00:05:54,crossedwireslive,5.0,0,0,0
2024-10-22 00:05:54,jayisback1,4.0,0,0,0
2024-10-22 00:05:54,firecodeman69,4.0,0,0,0
2024-10-22 00:05:54,miniscruff,4.0,0,0,0
2024-10-22 00:05:54,wowsoclutch,3.0,0,0,0
2024-10-22 00:05:54,supertwin33,1.0,0,0,0
2024-10-22 00:05:54,grimybadger,0.5,0,0,0
2024-10-22 00:05:54,robotech83,0.5,0,0,0
2024-10-22 00:05:54,cdvillard,0.0,0,0,0
2024-10-20 01:51:35,taniwha3,102.5,1,0,0
2024-10-20 01:51:35,grimybadger,49.5,0,1,0
2024-10-20 01:51:35,renagetv,34.0,0,0,1
2024-10-20 01:51:35,nimbus7x,32.0,0,0,0
2024-10-20 01:51:35,fizzythevisionary,17.0,0,0,0
2024-10-20 01:51:35,omnifidus,17.0,0,0,0
2024-10-20 01:51:35,zuranthus,14.0,0,0,0
2024-10-20 01:51:35,eigentourist,13.0,0,0,0
2024-10-20 01:51:35,blaiselabs,12.0,0,0,0
2024-10-20 01:51:35,stanleycodes,9.0,0,0,0
2024-10-20 01:51:35,famishededitz,6.0,0,0,0
2024-10-20 01:51:35,stealyourshoes,5.0,0,0,0
2024-10-20 01:51:35,crayoncrayoff,4.0,0,0,0
2024-10-20 01:51:35,theyagich,4.0,0,0,0
2024-10-20 01:51:35,sagetheplug,4.0,0,0,0
2024-10-20 01:51:35,jkpockets,3.5,0,0,0
2024-10-20 01:51:35,krunkmastercash,3.0,0,0,0
2024-10-20 01:51:35,danfrmspace,3.0,0,0,0
2024-10-20 01:51:35,shak390,1.0,0,0,0
2024-10-20 01:51:35,crazyjjq,0.0,0,0,0
2024-10-20 01:51:35,mikenhil,0.0,0,0,0
2024-10-20 01:51:35,internetbird,0.0,0,0,0
2024-10-18 00:10:47,sockheadrps,87.5,1,0,0
2024-10-18 00:10:47,grimybadger,27.0,0,1,0
2024-10-18 00:10:47,taniwha3,21.5,0,0,1
2024-10-18 00:10:47,renerod1,19.5,0,0,0
2024-10-18 00:10:47,theheathengames,12.0,0,0,0
2024-10-18 00:10:47,blaiselabs,11.0,0,0,0
2024-10-18 00:10:47,cmgriffing,10.0,0,0,0
2024-10-18 00:10:47,stanleycodes,10.0,0,0,0
2024-10-18 00:10:47,robotech83,9.0,0,0,0
2024-10-18 00:10:47,magicflash67,8.0,0,0,0
2024-10-18 00:10:47,jdsfighter,6.0,0,0,0
2024-10-18 00:10:47,kamisauer,5.0,0,0,0
2024-10-18 00:10:47,sok0x1,5.0,0,0,0
2024-10-18 00:10:47,theidentitybooth,4.0,0,0,0
2024-10-18 00:10:47,l1gh75p33d,2.0,0,0,0
2024-10-18 00:10:47,iamneogeek,1.0,0,0,0
2024-10-18 00:10:47,kercules_saves,0.0,0,0,0
2024-10-18 00:10:47,soulfoam,0.0,0,0,0
2024-10-17 01:54:44,keraion,190.5,1,0,0
2024-10-17 01:54:44,jdsfighter,101.0,0,1,0
2024-10-17 01:54:44,robodom_,41.0,0,0,1
2024-10-17 01:54:44,themanuwishuwere,29.5,0,0,0
2024-10-17 01:54:44,grimybadger,26.0,0,0,0
2024-10-17 01:54:44,theidentitybooth,24.0,0,0,0
2024-10-17 01:54:44,tvjosh,14.5,0,0,0
2024-10-17 01:54:44,owencodes,10.5,0,0,0
2024-10-17 01:54:44,khaosd2,10.5,0,0,0
2024-10-17 01:54:44,hexdue,8.5,0,0,0
2024-10-17 01:54:44,flyboy1565,8.0,0,0,0
2024-10-17 01:54:44,booyagrandmma,5.0,0,0,0
2024-10-17 01:54:44,stealyourshoes,3.0,0,0,0
2024-10-17 01:54:44,dandymcgee,3.0,0,0,0
2024-10-17 01:54:44,unaxeptable,2.0,0,0,0
2024-10-17 01:54:44,jkpockets,1.5,0,0,0
2024-10-17 01:54:44,lefishe90,1.0,0,0,0
2024-10-17 01:54:44,renerod1,1.0,0,0,0
2024-10-17 01:54:44,xallomilo,0.0,0,0,0
2024-10-17 01:54:44,noirpi,0.0,0,0,0
2024-10-17 01:54:44,xowilough,0.0,0,0,0
2024-10-16 01:05:11,jdsfighter,89.5,1,0,0
2024-10-16 01:05:11,robodom_,53.0,0,1,0
2024-10-16 01:05:11,miniscruff,39.5,0,0,1
2024-10-16 01:05:11,croxwire,30.0,0,0,0
2024-10-16 01:05:11,fizzythevisionary,23.5,0,0,0
2024-10-16 01:05:11,nhancodes,15.0,0,0,0
2024-10-16 01:05:11,theidentitybooth,11.0,0,0,0
2024-10-16 01:05:11,renerod1,10.0,0,0,0
2024-10-16 01:05:11,faffinaboot,7.0,0,0,0
2024-10-16 01:05:11,thetyton,6.5,0,0,0
2024-10-16 01:05:11,productivetime,5.0,0,0,0
2024-10-16 01:05:11,noirpi,4.5,0,0,0
2024-10-16 01:05:11,eigentourist,3.0,0,0,0
2024-10-16 01:05:11,saiforceone,3.0,0,0,0
2024-10-16 01:05:11,marekcounts,3.0,0,0,0
2024-10-16 01:05:11,goatm34l,2.0,0,0,0
2024-10-16 01:05:11,cmgriffing,1.0,0,0,0
2024-10-16 01:05:11,sconesfortea,0.0,0,0,0
2024-10-16 01:05:11,internetbird,0.0,0,0,0
2024-10-16 01:05:11,icon33,0.0,0,0,0
2024-10-16 01:05:11,briguythefryguy,0.0,0,0,0
2024-10-16 01:05:11,poseidonmagna,0.0,0,0,0
2024-10-15 01:04:29,robodom_,64.0,1,0,0
2024-10-15 01:04:29,keraion,48.0,0,1,0
2024-10-15 01:04:29,stealyourshoes,30.0,0,0,1
2024-10-15 01:04:29,cavemancrafting,24.0,0,0,0
2024-10-15 01:04:29,jdsfighter,14.0,0,0,0
2024-10-15 01:04:29,grimybadger,13.5,0,0,0
2024-10-15 01:04:29,theidentitybooth,10.0,0,0,0
2024-10-15 01:04:29,patternsindroves,9.0,0,0,0
2024-10-15 01:04:29,miniscruff,8.5,0,0,0
2024-10-15 01:04:29,renerod1,8.0,0,0,0
2024-10-15 01:04:29,eigentourist,8.0,0,0,0
2024-10-15 01:04:29,freshboywill,8.0,0,0,0
2024-10-15 01:04:29,10x_programmer,4.5,0,0,0
2024-10-15 01:04:29,robotech83,3.0,0,0,0
2024-10-15 01:04:29,formalgoosefoundation,3.0,0,0,0
2024-10-15 01:04:29,linusdidntmakelinux,3.0,0,0,0
2024-10-15 01:04:29,typeerrordev,3.0,0,0,0
2024-10-15 01:04:29,tvjosh,1.0,0,0,0
2024-10-15 01:04:29,usedchopstick_,0.0,0,0,0
2024-10-15 01:04:29,iar2ro,0.0,0,0,0
2024-10-15 01:04:29,keshavox,0.0,0,0,0
2024-10-15 01:04:29,hebozhe,0.0,0,0,0
2024-10-15 01:04:29,streamelements,0.0,0,0,0
2024-10-10 00:16:21,robodom_,45.0,1,0,0
2024-10-10 00:16:21,renerod1,33.0,0,1,0
2024-10-10 00:16:21,nhancodes,33.0,0,0,1
2024-10-10 00:16:21,c0dec0re,21.5,0,0,0
2024-10-10 00:16:21,stephenballball,18.5,0,0,0
2024-10-10 00:16:21,fizzythevisionary,10.0,0,0,0
2024-10-10 00:16:21,chrisfh,6.0,0,0,0
2024-10-10 00:16:21,linusdidntmakelinux,3.0,0,0,0
2024-10-10 00:16:21,jkpockets,3.0,0,0,0
2024-10-10 00:16:21,fishermanguybro,3.0,0,0,0
2024-10-10 00:16:21,bsantanascalper,2.0,0,0,0
2024-10-10 00:16:21,littlebulli,1.0,0,0,0
2024-10-10 00:16:21,eigentourist,0.0,0,0,0
2024-10-10 00:16:21,whittington__,0.0,0,0,0
2024-10-09 01:07:36,fizzythevisionary,91.5,1,0,0
2024-10-09 01:07:36,robodom_,84.0,0,1,0
2024-10-09 01:07:36,sockheadrps,82.0,0,0,1
2024-10-09 01:07:36,mikeecodes,34.0,0,0,0
2024-10-09 01:07:36,ozookev,22.0,0,0,0
2024-10-09 01:07:36,renerod1,20.0,0,0,0
2024-10-09 01:07:36,createdbyriks,20.0,0,0,0
2024-10-09 01:07:36,mdsoul,14.0,0,0,0
2024-10-09 01:07:36,vectorhacker,10.5,0,0,0
2024-10-09 01:07:36,crayoncrayoff,10.0,0,0,0
2024-10-09 01:07:36,icon33,7.0,0,0,0
2024-10-09 01:07:36,trycatch_tv,5.0,0,0,0
2024-10-09 01:07:36,walrusoperator_,5.0,0,0,0
2024-10-09 01:07:36,planetaryashes,3.0,0,0,0
2024-10-09 01:07:36,sagetheplug,2.0,0,0,0
2024-10-09 01:07:36,standardpointer,2.0,0,0,0
2024-10-09 01:07:36,xowilough,1.0,0,0,0
2024-10-09 01:07:36,chrisfh,0.0,0,0,0
2024-10-09 01:07:36,victor_vickie,0.0,0,0,0
2024-10-09 01:07:36,jamalthaboss,0.0,0,0,0
2024-10-09 01:07:36,mr_gh0stly420,0.0,0,0,0
2024-10-09 01:07:36,faffinaboot,0.0,0,0,0
2024-10-07 23:40:22,robodom_,33.5,1,0,0
2024-10-07 23:40:22,bsantanascalper,21.5,0,1,0
2024-10-07 23:40:22,taniwha3,12.0,0,0,1
2024-10-07 23:40:22,eigentourist,12.0,0,0,0
2024-10-07 23:40:22,renerod1,6.0,0,0,0
2024-10-07 23:40:22,tvjosh,4.0,0,0,0
2024-10-07 23:40:22,chkntikkamasala,3.0,0,0,0
2024-10-07 23:40:22,bigcryptocat,2.0,0,0,0
2024-10-07 23:40:22,xowilough,0.0,0,0,0
2024-10-07 23:40:22,theshyhat,0.0,0,0,0
2024-10-07 23:40:22,jkpockets,0.0,0,0,0
2024-10-07 23:40:22,mdsoul,0.0,0,0,0
2024-10-05 04:48:25,bsantanascalper,85.0,1,0,0
2024-10-05 04:48:25,chrisfh,78.0,0,1,0
2024-10-05 04:48:25,robodom_,59.0,0,0,1
2024-10-05 04:48:25,taniwha3,37.0,0,0,0
2024-10-05 04:48:25,technically_zach,18.0,0,0,0
2024-10-05 04:48:25,faffinaboot,18.0,0,0,0
2024-10-05 04:48:25,sockheadrps,17.0,0,0,0
2024-10-05 04:48:25,theyagich,14.0,0,0,0
2024-10-05 04:48:25,sagetheplug,11.0,0,0,0
2024-10-05 04:48:25,timeenjoyed,11.0,0,0,0
2024-10-05 04:48:25,productivetime,7.0,0,0,0
2024-10-05 04:48:25,renerod1,6.5,0,0,0
2024-10-05 04:48:25,kromantiking,3.0,0,0,0
2024-10-05 04:48:25,davur_,3.0,0,0,0
2024-10-05 04:48:25,hawaiiansweat,2.0,0,0,0
2024-10-05 04:48:25,onejensen,1.0,0,0,0
2024-10-05 04:48:25,mdsoul,0.0,0,0,0
2024-10-05 04:48:25,gianmcoder,0.0,0,0,0
2024-10-05 04:48:25,muumijumala,0.0,0,0,0
2024-10-05 04:48:25,whittington__,0.0,0,0,0
2024-10-04 02:15:34,robodom_,62.5,1,0,0
2024-10-04 02:15:34,renerod1,43.0,0,1,0
2024-10-04 02:15:34,bsantanascalper,35.5,0,0,1
2024-10-04 02:15:34,susocto_,28.0,0,0,0
2024-10-04 02:15:34,chrisfh,13.0,0,0,0
2024-10-04 02:15:34,nightshadedude,10.0,0,0,0
2024-10-04 02:15:34,fishermanguybro,9.0,0,0,0
2024-10-04 02:15:34,s_7_n,8.0,0,0,0
2024-10-04 02:15:34,faffinaboot,7.0,0,0,0
2024-10-04 02:15:34,marekcounts,6.0,0,0,0
2024-10-04 02:15:34,lonewolfzor,2.0,0,0,0
2024-10-04 02:15:34,jkpockets,1.0,0,0,0
2024-10-04 02:15:34,gd_player54,1.0,0,0,0
2024-10-04 02:15:34,alpha_beta_gabe,1.0,0,0,0
2024-10-04 02:15:34,therealacsavage,0.0,0,0,0
2024-10-04 02:15:34,avatsal,0.0,0,0,0
2024-10-04 02:15:34,the_real_enrico_pallazzo,0.0,0,0,0
2024-10-04 02:15:34,catchmelons,0.0,0,0,0
2024-10-04 02:15:34,t31337,0.0,0,0,0
2024-10-03 00:29:04,grimybadger,141.0,1,0,0
2024-10-03 00:29:04,robodom_,65.0,0,1,0
2024-10-03 00:29:04,nhancodes,34.0,0,0,1
2024-10-03 00:29:04,eigentourist,31.0,0,0,0
2024-10-03 00:29:04,dj_chateau,29.0,0,0,0
2024-10-03 00:29:04,leahtcodes,28.0,0,0,0
2024-10-03 00:29:04,renerod1,14.0,0,0,0
2024-10-03 00:29:04,crayoncrayoff,12.5,0,0,0
2024-10-03 00:29:04,poseidonmagna,8.0,0,0,0
2024-10-03 00:29:04,taniwha3,6.0,0,0,0
2024-10-03 00:29:04,fishermanguybro,5.0,0,0,0
2024-10-03 00:29:04,icon33,5.0,0,0,0
2024-10-03 00:29:04,kromantiking,4.5,0,0,0
2024-10-03 00:29:04,some1and2,2.0,0,0,0
2024-10-03 00:29:04,pheezustv,2.0,0,0,0
2024-10-03 00:29:04,l3thaln3ss,2.0,0,0,0
2024-10-03 00:29:04,nickwan_datasci,2.0,0,0,0
2024-10-03 00:29:04,xtremeair21,1.0,0,0,0
2024-10-03 00:29:04,tuto1902,1.0,0,0,0
2024-10-03 00:29:04,dfluxstreams,1.0,0,0,0
2024-10-03 00:29:04,keraion,1.0,0,0,0
2024-10-03 00:29:04,qntkhvn,1.0,0,0,0
2024-10-03 00:29:04,jkpockets,0.0,0,0,0
2024-10-03 00:29:04,t31337,0.0,0,0,0
2024-10-03 00:29:04,ticticboooom,0.0,0,0,0
2024-10-03 00:29:04,queuemina,0.0,0,0,0
2024-10-03 00:29:04,valpher,0.0,0,0,0
2024-10-03 00:29:04,evan_doesstuff,0.0,0,0,0
2024-10-01 01:17:05,robodom_,56.0,1,0,0
2024-10-01 01:17:05,miniscruff,43.0,0,1,0
2024-10-01 01:17:05,nezzywezzie,42.0,0,0,1
2024-10-01 01:17:05,leahtcodes,25.0,0,0,0
2024-10-01 01:17:05,bsantanascalper,25.0,0,0,0
2024-10-01 01:17:05,ikikaizen,16.0,0,0,0
2024-10-01 01:17:05,dfluxstreams,15.0,0,0,0
2024-10-01 01:17:05,l3thaln3ss,14.0,0,0,0
2024-10-01 01:17:05,cmgriffing,14.0,0,0,0
2024-10-01 01:17:05,finisfine,11.0,0,0,0
2024-10-01 01:17:05,blaiselabs,11.0,0,0,0
2024-10-01 01:17:05,puertorico_51,6.0,0,0,0
2024-10-01 01:17:05,eigentourist,6.0,0,0,0
2024-10-01 01:17:05,norwegian_oiler,5.0,0,0,0
2024-10-01 01:17:05,jkpockets,2.0,0,0,0
2024-10-01 01:17:05,ashesofowls,2.0,0,0,0
2024-10-01 01:17:05,0zzmoziz,2.0,0,0,0
2024-10-01 01:17:05,s9tpepper_,1.0,0,0,0
2024-10-01 01:17:05,renerod1,1.0,0,0,0
2024-10-01 01:17:05,whittington__,1.0,0,0,0
2024-10-01 01:17:05,lefishe90,1.0,0,0,0
2024-10-01 01:17:05,phaiakia,0.0,0,0,0
2024-10-01 01:17:05,booyagrandmma,0.0,0,0,0
2024-10-01 01:17:05,solarlabyrinth,0.0,0,0,0
2024-10-01 01:17:05,turningcog,0.0,0,0,0
2024-10-01 01:17:05,earend,0.0,0,0,0
2024-10-01 01:17:05,robotech83,0.0,0,0,0
2024-10-01 01:17:05,shadowtigerrr,0.0,0,0,0
2024-10-01 01:17:05,wrdope,0.0,0,0,0
2024-09-30 01:08:43,renerod1,13.0,1,0,0
2024-09-30 01:08:43,cadenburleson,10.0,0,1,0
2024-09-30 01:08:43,shak390,8.0,0,0,1
2024-09-30 01:08:43,jayisback1,8.0,0,0,0
2024-09-30 01:08:43,danfrmspace,3.0,0,0,0
2024-09-30 01:08:43,ikikaizen,3.0,0,0,0
2024-09-30 01:08:43,kromantiking,2.0,0,0,0
2024-09-30 01:08:43,noteddie99,1.0,0,0,0
2024-09-30 01:08:43,ozookev,0.0,0,0,0
2024-09-30 01:08:43,icon33,0.0,0,0,0
2024-09-30 01:08:43,ghostdaddy,0.0,0,0,0
2024-09-28 01:50:06,robodom_,96.0,1,0,0
2024-09-28 01:50:06,poseidonmagna,46.0,0,1,0
2024-09-28 01:50:06,lefishe90,7.5,0,0,1
2024-09-28 01:50:06,quantumapprentice,5.0,0,0,0
2024-09-28 01:50:06,jkpockets,4.0,0,0,0
2024-09-28 01:50:06,icon33,3.0,0,0,0
2024-09-28 01:50:06,renerod1,2.0,0,0,0
2024-09-28 01:50:06,nimbus7x,1.0,0,0,0
2024-09-28 01:50:06,firecodeman69,1.0,0,0,0
2024-09-28 01:50:06,grimybadger,0.0,0,0,0
2024-09-28 01:50:06,ste1ee,0.0,0,0,0
2024-09-28 01:50:06,hydrosrage,0.0,0,0,0
2024-09-28 01:50:06,jackysprinkles,0.0,0,0,0
2024-09-27 01:21:26,robodom_,90.0,1,0,0
2024-09-27 01:21:26,sockheadrps,84.0,0,1,0
2024-09-27 01:21:26,blaiselabs,44.0,0,0,1
2024-09-27 01:21:26,ashesofowls,26.5,0,0,0
2024-09-27 01:21:26,eigentourist,19.0,0,0,0
2024-09-27 01:21:26,kromantiking,16.5,0,0,0
2024-09-27 01:21:26,livtechsavvy,16.0,0,0,0
2024-09-27 01:21:26,famishededitz,15.0,0,0,0
2024-09-27 01:21:26,renerod1,10.0,0,0,0
2024-09-27 01:21:26,btd_12,6.5,0,0,0
2024-09-27 01:21:26,ikikaizen,5.0,0,0,0
2024-09-27 01:21:26,kercules_saves,3.0,0,0,0
2024-09-27 01:21:26,patternsindroves,3.0,0,0,0
2024-09-27 01:21:26,jayisback1,2.0,0,0,0
2024-09-27 01:21:26,jkpockets,1.0,0,0,0
2024-09-27 01:21:26,mmlvx,1.0,0,0,0
2024-09-27 01:21:26,robotech83,0.0,0,0,0
2024-09-27 01:21:26,ghostdaddy,0.0,0,0,0
2024-09-27 01:21:26,blackjack92s,0.0,0,0,0
2024-09-25 23:54:27,shak390,96.0,1,0,0
2024-09-25 23:54:27,poseidonmagna,24.0,0,1,0
2024-09-25 23:54:27,nhancodes,21.0,0,0,1
2024-09-25 23:54:27,grimybadger,19.0,0,0,0
2024-09-25 23:54:27,miniscruff,17.0,0,0,0
2024-09-25 23:54:27,robodom_,15.0,0,0,0
2024-09-25 23:54:27,firecodeman69,12.0,0,0,0
2024-09-25 23:54:27,jkpockets,10.0,0,0,0
2024-09-25 23:54:27,theyagich,5.0,0,0,0
2024-09-25 23:54:27,renerod1,5.0,0,0,0
2024-09-25 23:54:27,kromantiking,3.0,0,0,0
2024-09-25 23:54:27,leahtcodes,3.0,0,0,0
2024-09-25 23:54:27,yo_its_lj,3.0,0,0,0
2024-09-25 23:54:27,robotech83,1.0,0,0,0
2024-09-25 23:54:27,lefishe90,1.0,0,0,0
2024-09-25 23:54:27,kamisauer,1.0,0,0,0
2024-09-25 23:54:27,tuto1902,0.0,0,0,0
2024-09-25 23:54:27,lankymoosecodes,0.0,0,0,0
2024-09-25 23:54:27,netdevv,0.0,0,0,0
2024-09-25 23:54:27,simulakrum,-0.5,0,0,0
2024-09-24 23:34:10,ikikaizen,67.0,1,0,0
2024-09-24 23:34:10,robodom_,59.0,0,1,0
2024-09-24 23:34:10,kromantiking,56.0,0,0,1
2024-09-24 23:34:10,nimbus7x,37.0,0,0,0
2024-09-24 23:34:10,firecodeman69,34.0,0,0,0
2024-09-24 23:34:10,eigentourist,18.0,0,0,0
2024-09-24 23:34:10,bsantanascalper,17.0,0,0,0
2024-09-24 23:34:10,renerod1,16.0,0,0,0
2024-09-24 23:34:10,taniwha3,7.0,0,0,0
2024-09-24 23:34:10,robotech83,5.0,0,0,0
2024-09-24 23:34:10,pinguxor,1.0,0,0,0
2024-09-24 23:34:10,shak390,0.0,0,0,0
2024-09-24 00:42:28,sockheadrps,113.0,1,0,0
2024-09-24 00:42:28,nimbus7x,34.0,0,1,0
2024-09-24 00:42:28,rebelmade,30.0,0,0,1
2024-09-24 00:42:28,kamisauer,15.0,0,0,0
2024-09-24 00:42:28,sleepymushroom1906,15.0,0,0,0
2024-09-24 00:42:28,leahtcodes,11.0,0,0,0
2024-09-24 00:42:28,tuto1902,11.0,0,0,0
2024-09-24 00:42:28,renerod1,9.5,0,0,0
2024-09-24 00:42:28,ikikaizen,9.0,0,0,0
2024-09-24 00:42:28,stephenballball,9.0,0,0,0
2024-09-24 00:42:28,repokingiliketorepocars,7.0,0,0,0
2024-09-24 00:42:28,lefishe90,6.0,0,0,0
2024-09-24 00:42:28,robotech83,5.0,0,0,0
2024-09-24 00:42:28,theyagich,5.0,0,0,0
2024-09-24 00:42:28,bookclub24,4.0,0,0,0
2024-09-24 00:42:28,tvjosh,2.0,0,0,0
2024-09-24 00:42:28,yo_its_lj,2.0,0,0,0
2024-09-24 00:42:28,jkpockets,0.0,0,0,0
2024-09-24 00:42:28,typeerrordev,0.0,0,0,0
2024-09-24 00:42:28,mrmorgano13,0.0,0,0,0
2024-09-23 01:11:54,robodom_,92.5,1,0,0
2024-09-23 01:11:54,sockheadrps,66.0,0,1,0
2024-09-23 01:11:54,kercules_saves,51.0,0,0,1
2024-09-23 01:11:54,grimybadger,49.0,0,0,0
2024-09-23 01:11:54,firecodeman69,40.0,0,0,0
2024-09-23 01:11:54,kittycatsarethebest,38.0,0,0,0
2024-09-23 01:11:54,ikikaizen,38.0,0,0,0
2024-09-23 01:11:54,nimbus7x,33.0,0,0,0
2024-09-23 01:11:54,adivorcedfork,28.5,0,0,0
2024-09-23 01:11:54,renerod1,25.0,0,0,0
2024-09-23 01:11:54,repokingiliketorepocars,22.5,0,0,0
2024-09-23 01:11:54,theyagich,21.0,0,0,0
2024-09-23 01:11:54,darktolight_,17.0,0,0,0
2024-09-23 01:11:54,earend,11.0,0,0,0
2024-09-23 01:11:54,mikeecodes,11.0,0,0,0
2024-09-23 01:11:54,famishededitz,10.0,0,0,0
2024-09-23 01:11:54,leahtcodes,9.0,0,0,0
2024-09-23 01:11:54,jkpockets,8.0,0,0,0
2024-09-23 01:11:54,keraion,8.0,0,0,0
2024-09-23 01:11:54,grandbuh,8.0,0,0,0
2024-09-23 01:11:54,icon33,6.0,0,0,0
2024-09-23 01:11:54,denzilv,5.5,0,0,0
2024-09-23 01:11:54,miniscruff,5.0,0,0,0
2024-09-23 01:11:54,cronozero15,5.0,0,0,0
2024-09-23 01:11:54,grugbraindev,4.5,0,0,0
2024-09-23 01:11:54,supervincii,4.0,0,0,0
2024-09-23 01:11:54,ksaruu,4.0,0,0,0
2024-09-23 01:11:54,finisfine,4.0,0,0,0
2024-09-23 01:11:54,aria_adm,3.0,0,0,0
2024-09-23 01:11:54,mechajdi,1.0,0,0,0
2024-09-23 01:11:54,ghostdaddy,1.0,0,0,0
2024-09-23 01:11:54,dragonlens,1.0,0,0,0
2024-09-23 01:11:54,yo_its_lj,1.0,0,0,0
2024-09-23 01:11:54,ck_o4,1.0,0,0,0
2024-09-23 01:11:54,d2privilege,1.0,0,0,0
2024-09-23 01:11:54,beemoe5,1.0,0,0,0
2024-09-23 01:11:54,jessewayne,0.0,0,0,0
2024-09-23 01:11:54,onepotatochip101,0.0,0,0,0
2024-09-23 01:11:54,couchkittensdev,0.0,0,0,0
2024-09-23 01:11:54,valkeryias,0.0,0,0,0
2024-09-23 01:11:54,s1ickwi11,0.0,0,0,0
2024-09-23 01:11:54,l3thaln3ss,0.0,0,0,0
2024-09-23 01:11:54,craisis,0.0,0,0,0
2024-09-23 01:11:54,adamcyounis,0.0,0,0,0
2024-09-23 01:11:54,spacemarco,0.0,0,0,0
2024-09-19 23:19:39,omnifidus,55.0,1,0,0
2024-09-19 23:19:39,theyagich,13.0,0,1,0
2024-09-19 23:19:39,mastermau,10.0,0,0,1
2024-09-19 23:19:39,simulakrum,7.0,0,0,0
2024-09-19 23:19:39,stephenballball,5.5,0,0,0
2024-09-19 23:19:39,nhancodes,3.0,0,0,0
2024-09-19 23:19:39,netdevv,2.0,0,0,0
2024-09-19 23:19:39,kamisauer,2.0,0,0,0
2024-09-19 23:19:39,theidentitybooth,0.0,0,0,0
2024-09-19 23:19:39,mikenhil,0.0,0,0,0
2024-09-19 23:19:39,renerod1,0.0,0,0,0
2024-09-19 00:14:19,eigentourist,135.5,1,0,0
2024-09-19 00:14:19,taniwha3,94.5,0,1,0
2024-09-19 00:14:19,theyagich,50.5,0,0,1
2024-09-19 00:14:19,nezzywezzie,48.5,0,0,0
2024-09-19 00:14:19,renerod1,24.5,0,0,0
2024-09-19 00:14:19,kromantiking,22.0,0,0,0
2024-09-19 00:14:19,nimbus7x,21.5,0,0,0
2024-09-19 00:14:19,sockheadrps,20.0,0,0,0
2024-09-19 00:14:19,great_malboro,19.0,0,0,0
2024-09-19 00:14:19,poseidonmagna,19.0,0,0,0
2024-09-19 00:14:19,dragonlens,13.5,0,0,0
2024-09-19 00:14:19,jokermillenium,11.0,0,0,0
2024-09-19 00:14:19,pheezustv,10.0,0,0,0
2024-09-19 00:14:19,nhancodes,9.0,0,0,0
2024-09-19 00:14:19,yo_its_lj,6.0,0,0,0
2024-09-19 00:14:19,gihantv,5.0,0,0,0
2024-09-19 00:14:19,tvjosh,5.0,0,0,0
2024-09-19 00:14:19,ikikaizen,4.0,0,0,0
2024-09-19 00:14:19,shaggyer91,3.5,0,0,0
2024-09-19 00:14:19,theking56798,3.0,0,0,0
2024-09-19 00:14:19,watashiaashishgurung,3.0,0,0,0
2024-09-19 00:14:19,linusdidntmakelinux,2.0,0,0,0
2024-09-19 00:14:19,security_live,2.0,0,0,0
2024-09-19 00:14:19,jayisback1,2.0,0,0,0
2024-09-19 00:14:19,zaytovian,0.0,0,0,0
2024-09-19 00:14:19,netdevv,0.0,0,0,0
2024-09-19 00:14:19,yashcancode,0.0,0,0,0
2024-09-19 00:14:19,hackmanmn,0.0,0,0,0
2024-09-19 00:14:19,catchmelons,0.0,0,0,0
2024-09-19 00:14:19,streamelements,0.0,0,0,0
2024-09-18 00:23:28,eigentourist,110.0,1,0,0
2024-09-18 00:23:28,theyagich,43.5,0,1,0
2024-09-18 00:23:28,netdevv,41.5,0,0,1
2024-09-18 00:23:28,dragonlens,35.0,0,0,0
2024-09-18 00:23:28,kercules_saves,29.0,0,0,0
2024-09-18 00:23:28,renerod1,18.0,0,0,0
2024-09-18 00:23:28,ikikaizen,14.0,0,0,0
2024-09-18 00:23:28,taniwha3,14.0,0,0,0
2024-09-18 00:23:28,firecodeman69,10.0,0,0,0
2024-09-18 00:23:28,saiforceone,6.0,0,0,0
2024-09-18 00:23:28,foundrey,4.0,0,0,0
2024-09-18 00:23:28,mikenhil,3.0,0,0,0
2024-09-18 00:23:28,grumbleofpugz,2.0,0,0,0
2024-09-18 00:23:28,lefishe90,1.0,0,0,0
2024-09-18 00:23:28,tvjosh,1.0,0,0,0
2024-09-18 00:23:28,theking56798,0.0,0,0,0
2024-09-18 00:23:28,ar3alcoo1kat,0.0,0,0,0
2024-09-17 00:32:01,eigentourist,240.0,1,0,0
2024-09-17 00:32:01,ikikaizen,60.5,0,1,0
2024-09-17 00:32:01,renerod1,49.0,0,0,1
2024-09-17 00:32:01,robodom_,47.0,0,0,0
2024-09-17 00:32:01,javagrunt,31.5,0,0,0
2024-09-17 00:32:01,theking56798,29.0,0,0,0
2024-09-17 00:32:01,bioteknick,22.0,0,0,0
2024-09-17 00:32:01,kromantiking,14.5,0,0,0
2024-09-17 00:32:01,famishededitz,11.0,0,0,0
2024-09-17 00:32:01,nimbus7x,10.5,0,0,0
2024-09-17 00:32:01,nhancodes,8.0,0,0,0
2024-09-17 00:32:01,staticgamerg,6.0,0,0,0
2024-09-17 00:32:01,larryny,5.0,0,0,0
2024-09-17 00:32:01,drinkincode,3.0,0,0,0
2024-09-17 00:32:01,mrfabridev,3.0,0,0,0
2024-09-17 00:32:01,midnight_simon,2.0,0,0,0
2024-09-17 00:32:01,helloimkalin,1.0,0,0,0
2024-09-17 00:32:01,theyagich,1.0,0,0,0
2024-09-17 00:32:01,icon33,1.0,0,0,0
2024-09-17 00:32:01,snivellus12,1.0,0,0,0
2024-09-17 00:32:01,grimybadger,0.5,0,0,0
2024-09-17 00:32:01,ghostdaddy,0.0,0,0,0
2024-09-17 00:32:01,beardedwolf2557,0.0,0,0,0
2024-09-17 00:32:01,cmgriffing,0.0,0,0,0
2024-09-17 00:32:01,jppost2000,0.0,0,0,0
2024-09-17 00:32:01,obes_,0.0,0,0,0
2024-09-17 00:32:01,jbrix_,0.0,0,0,0
2024-09-17 00:32:01,aluoh,0.0,0,0,0
2024-09-14 01:31:11,robodom_,28.0,1,0,0
2024-09-14 01:31:11,kromantiking,10.0,0,1,0
2024-09-14 01:31:11,tg_khalil,5.0,0,0,1
2024-09-14 01:31:11,icon33,4.0,0,0,0
2024-09-14 01:31:11,cbear495,4.0,0,0,0
2024-09-14 01:31:11,renerod1,2.0,0,0,0
2024-09-14 01:31:11,theyagich,2.0,0,0,0
2024-09-14 01:31:11,robotech83,0.0,0,0,0
2024-09-14 01:31:11,iamthebaldboi,0.0,0,0,0
2024-09-13 00:56:46,grimybadger,182.0,1,0,0
2024-09-13 00:56:46,robodom_,113.5,0,1,0
2024-09-13 00:56:46,nimbus7x,57.0,0,0,1
2024-09-13 00:56:46,jkpockets,50.0,0,0,0
2024-09-13 00:56:46,sockheadrps,43.5,0,0,0
2024-09-13 00:56:46,khaosd2,36.5,0,0,0
2024-09-13 00:56:46,kromantiking,32.0,0,0,0
2024-09-13 00:56:46,twitch,30.0,0,0,0
2024-09-13 00:56:46,robotech83,23.5,0,0,0
2024-09-13 00:56:46,mailbox_new,10.0,0,0,0
2024-09-13 00:56:46,l3thaln3ss,9.0,0,0,0
2024-09-13 00:56:46,miniscruff,7.0,0,0,0
2024-09-13 00:56:46,arvock_12,6.0,0,0,0
2024-09-13 00:56:46,gimmeslack,4.5,0,0,0
2024-09-13 00:56:46,ikikaizen,3.5,0,0,0
2024-09-13 00:56:46,mdsoul,3.0,0,0,0
2024-09-13 00:56:46,thatgamer_,3.0,0,0,0
2024-09-13 00:56:46,javagrunt,3.0,0,0,0
2024-09-13 00:56:46,esternocleidoma,2.0,0,0,0
2024-09-13 00:56:46,sorrysniper821,2.0,0,0,0
2024-09-13 00:56:46,blastcod3s,2.0,0,0,0
2024-09-13 00:56:46,icon33,1.0,0,0,0
2024-09-13 00:56:46,madstork91,1.0,0,0,0
2024-09-13 00:56:46,insanekrazy,1.0,0,0,0
2024-09-13 00:56:46,whittington__,0.0,0,0,0
2024-09-13 00:56:46,kanji_00,0.0,0,0,0
2024-09-13 00:56:46,eigentourist,0.0,0,0,0
2024-09-13 00:56:46,renerod1,0.0,0,0,0
2024-09-12 02:57:35,sockheadrps,65.5,1,0,0
2024-09-12 02:57:35,taniwha3,54.0,0,1,0
2024-09-12 02:57:35,nimbus7x,44.0,0,0,1
2024-09-12 02:57:35,nhancodes,35.0,0,0,0
2024-09-12 02:57:35,robodom_,31.0,0,0,0
2024-09-12 02:57:35,nezzywezzie,30.5,0,0,0
2024-09-12 02:57:35,mikenhil,25.5,0,0,0
2024-09-12 02:57:35,icon33,22.0,0,0,0
2024-09-12 02:57:35,ikikaizen,22.0,0,0,0
2024-09-12 02:57:35,typeerrordev,18.5,0,0,0
2024-09-12 02:57:35,mdsoul,16.0,0,0,0
2024-09-12 02:57:35,sok0x1,15.5,0,0,0
2024-09-12 02:57:35,renerod1,12.0,0,0,0
2024-09-12 02:57:35,netdevv,12.0,0,0,0
2024-09-12 02:57:35,hittaus,10.0,0,0,0
2024-09-12 02:57:35,famishededitz,7.0,0,0,0
2024-09-12 02:57:35,ghostdaddy,6.5,0,0,0
2024-09-12 02:57:35,cronozero15,6.0,0,0,0
2024-09-12 02:57:35,sandcork,5.0,0,0,0
2024-09-12 02:57:35,thehappykorean,4.0,0,0,0
2024-09-12 02:57:35,tvjosh,3.0,0,0,0
2024-09-12 02:57:35,theyagich,3.0,0,0,0
2024-09-12 02:57:35,kromantiking,3.0,0,0,0
2024-09-12 02:57:35,captainmcfilthy,2.0,0,0,0
2024-09-12 02:57:35,spiderqueen,2.0,0,0,0
2024-09-12 02:57:35,foundrey,1.5,0,0,0
2024-09-12 02:57:35,innocentpupu,1.0,0,0,0
2024-09-12 02:57:35,megachubbzz,1.0,0,0,0
2024-09-12 02:57:35,jokermillenium,0.0,0,0,0
2024-09-12 02:57:35,penguinquackers,0.0,0,0,0
2024-09-12 02:57:35,smoothdagger,0.0,0,0,0
2024-09-12 02:57:35,streamelements,0.0,0,0,0
2024-09-12 02:57:35,mdbm,0.0,0,0,0
2024-09-12 02:57:35,kennethbcoding,0.0,0,0,0
2024-09-11 00:04:22,eigentourist,132.5,1,0,0
2024-09-11 00:04:22,icon33,124.5,0,1,0
2024-09-11 00:04:22,renerod1,89.0,0,0,1
2024-09-11 00:04:22,shak390,87.0,0,0,0
2024-09-11 00:04:22,cbear495,86.5,0,0,0
2024-09-11 00:04:22,madstork91,66.0,0,0,0
2024-09-11 00:04:22,valkeryias,51.5,0,0,0
2024-09-11 00:04:22,robodom_,49.5,0,0,0
2024-09-11 00:04:22,sockheadrps,41.0,0,0,0
2024-09-11 00:04:22,esternocleidoma,38.0,0,0,0
2024-09-11 00:04:22,kercules_saves,37.0,0,0,0
2024-09-11 00:04:22,anihanshard,25.0,0,0,0
2024-09-11 00:04:22,earend,19.0,0,0,0
2024-09-11 00:04:22,grandbuh,17.0,0,0,0
2024-09-11 00:04:22,theyagich,13.5,0,0,0
2024-09-11 00:04:22,eroaxee,12.0,0,0,0
2024-09-11 00:04:22,innocentpupu,11.0,0,0,0
2024-09-11 00:04:22,tricki8418,10.0,0,0,0
2024-09-11 00:04:22,cyberburn2021,7.5,0,0,0
2024-09-11 00:04:22,robotech83,7.0,0,0,0
2024-09-11 00:04:22,mikenhil,6.0,0,0,0
2024-09-11 00:04:22,mikeecodes,5.0,0,0,0
2024-09-11 00:04:22,ladybluenotes,4.0,0,0,0
2024-09-11 00:04:22,nhancodes,4.0,0,0,0
2024-09-11 00:04:22,netdevv,4.0,0,0,0
2024-09-11 00:04:22,g00b_g00b,3.0,0,0,0
2024-09-11 00:04:22,falinere,3.0,0,0,0
2024-09-11 00:04:22,texoport,3.0,0,0,0
2024-09-11 00:04:22,voltzszn,2.0,0,0,0
2024-09-11 00:04:22,lefishe90,2.0,0,0,0
2024-09-11 00:04:22,greyysp,1.0,0,0,0
2024-09-11 00:04:22,jkpockets,1.0,0,0,0
2024-09-11 00:04:22,blastcod3s,0.0,0,0,0
2024-09-10 01:09:09,nimbus7x,125.5,1,0,0
2024-09-10 01:09:09,robodom_,76.0,0,1,0
2024-09-10 01:09:09,kromantiking,51.5,0,0,1
2024-09-10 01:09:09,taniwha3,22.0,0,0,0
2024-09-10 01:09:09,lefishe90,18.0,0,0,0
2024-09-10 01:09:09,renerod1,17.5,0,0,0
2024-09-10 01:09:09,ag3nt_57_,11.5,0,0,0
2024-09-10 01:09:09,axel669,11.0,0,0,0
2024-09-10 01:09:09,earend,10.0,0,0,0
2024-09-10 01:09:09,fallenlearns,8.0,0,0,0
2024-09-10 01:09:09,cmgriffing,5.0,0,0,0
2024-09-10 01:09:09,eigentourist,5.0,0,0,0
2024-09-10 01:09:09,midnight_simon,4.0,0,0,0
2024-09-10 01:09:09,theshyhat,2.5,0,0,0
2024-09-10 01:09:09,jkpockets,2.0,0,0,0
2024-09-10 01:09:09,eroaxee,2.0,0,0,0
2024-09-10 01:09:09,valkeryias,2.0,0,0,0
2024-09-10 01:09:09,seano4d,0.0,0,0,0
2024-09-10 01:09:09,netdevv,0.0,0,0,0
2024-09-10 01:09:09,0x26b,0.0,0,0,0
2024-09-10 01:09:09,obes_,0.0,0,0,0
2024-09-10 01:09:09,wardstonestudio,0.0,0,0,0
2024-09-09 00:12:25,robodom_,69.5,1,0,0
2024-09-09 00:12:25,samarabeauty_,31.0,0,1,0
2024-09-09 00:12:25,eigentourist,30.0,0,0,1
2024-09-09 00:12:25,stanleycodes,9.0,0,0,0
2024-09-09 00:12:25,innocentpupu,8.0,0,0,0
2024-09-09 00:12:25,stephenballball,5.5,0,0,0
2024-09-09 00:12:25,maetarii,3.0,0,0,0
2024-09-09 00:12:25,robotech83,0.0,0,0,0
2024-09-09 00:12:25,kromantiking,0.0,0,0,0
2024-09-09 00:12:25,81rings,0.0,0,0,0
2024-09-05 00:43:23,theyagich,53.0,1,0,0
2024-09-05 00:43:23,imthenew,50.0,0,1,0
2024-09-05 00:43:23,dfluxstreams,31.0,0,0,1
2024-09-05 00:43:23,robodom_,30.5,0,0,0
2024-09-05 00:43:23,kromantiking,21.0,0,0,0
2024-09-05 00:43:23,nimbus7x,19.0,0,0,0
2024-09-05 00:43:23,renerod1,19.0,0,0,0
2024-09-05 00:43:23,sockheadrps,18.0,0,0,0
2024-09-05 00:43:23,kercules_saves,14.0,0,0,0
2024-09-05 00:43:23,maddiethedaddie,12.0,0,0,0
2024-09-05 00:43:23,nhancodes,11.0,0,0,0
2024-09-05 00:43:23,curseofhades,10.5,0,0,0
2024-09-05 00:43:23,jkpockets,9.5,0,0,0
2024-09-05 00:43:23,falinere,5.0,0,0,0
2024-09-05 00:43:23,justdeevon,5.0,0,0,0
2024-09-05 00:43:23,lankymoosecodes,4.0,0,0,0
2024-09-05 00:43:23,captainmcfilthy,3.5,0,0,0
2024-09-05 00:43:23,khaosd2,3.0,0,0,0
2024-09-05 00:43:23,robotech83,2.0,0,0,0
2024-09-05 00:43:23,typeerrordev,2.0,0,0,0
2024-09-05 00:43:23,whittington__,2.0,0,0,0
2024-09-05 00:43:23,eigentourist,1.0,0,0,0
2024-09-05 00:43:23,l3thaln3ss,1.0,0,0,0
2024-09-05 00:43:23,shojo_boi,0.0,0,0,0
2024-09-05 00:43:23,mmlvx,0.0,0,0,0
2024-09-05 00:43:23,juwanthecurator,0.0,0,0,0
2024-09-05 00:43:23,taniwha3,0.0,0,0,0
2024-09-03 00:22:58,eigentourist,126.5,1,0,0
2024-09-03 00:22:58,codingwithstrangers,104.0,0,1,0
2024-09-03 00:22:58,sockheadrps,72.0,0,0,1
2024-09-03 00:22:58,mikeecodes,33.5,0,0,0
2024-09-03 00:22:58,mikenhil,19.0,0,0,0
2024-09-03 00:22:58,falinere,17.0,0,0,0
2024-09-03 00:22:58,nhancodes,15.0,0,0,0
2024-09-03 00:22:58,theyagich,11.5,0,0,0
2024-09-03 00:22:58,coolcodingcat,11.5,0,0,0
2024-09-03 00:22:58,renerod1,10.0,0,0,0
2024-09-03 00:22:58,jkpockets,8.0,0,0,0
2024-09-03 00:22:58,lilozine,8.0,0,0,0
2024-09-03 00:22:58,usedchopstick_,5.0,0,0,0
2024-09-03 00:22:58,necroticshadows_,5.0,0,0,0
2024-09-03 00:22:58,digital_dreamscape,4.0,0,0,0
2024-09-03 00:22:58,robotech83,2.0,0,0,0
2024-09-03 00:22:58,morehouse_hacks,2.0,0,0,0
2024-09-03 00:22:58,raticide,2.0,0,0,0
2024-09-03 00:22:58,pixelwatch23,2.0,0,0,0
2024-09-03 00:22:58,k1ngp0tatoe,0.0,0,0,0
2024-09-03 00:22:58,typeerrordev,0.0,0,0,0
2024-08-29 23:43:08,theyagich,20.0,1,0,0
2024-08-29 23:43:08,sockheadrps,16.0,0,1,0
2024-08-29 23:43:08,codingwithstrangers,9.0,0,0,1
2024-08-29 23:43:08,falinere,7.0,0,0,0
2024-08-29 23:43:08,madstork91,5.0,0,0,0
2024-08-29 23:43:08,robotech83,4.0,0,0,0
2024-08-29 23:43:08,icon33,2.0,0,0,0
2024-08-29 23:43:08,simulakrum,2.0,0,0,0
2024-08-29 23:43:08,fizzythevisionary,1.0,0,0,0
2024-08-29 23:43:08,shak390,1.0,0,0,0
2024-08-29 23:43:08,jayisback1,1.0,0,0,0
2024-08-29 23:43:08,productivetime,0.0,0,0,0
2024-08-27 22:52:19,sockheadrps,53.0,1,0,0
2024-08-27 22:52:19,dihmeetree,7.0,0,1,0
2024-08-27 22:52:19,eigentourist,6.0,0,0,1
2024-08-27 22:52:19,grimybadger,6.0,0,0,0
2024-08-27 22:52:19,codingwithstrangers,5.0,0,0,0
2024-08-27 22:52:19,insanekrazy,2.0,0,0,0
2024-08-27 22:20:46,codingwithstrangers,2.0,1,0,0
2024-08-27 22:20:46,sockheadrps,0.0,0,1,0
2024-08-27 22:17:37,codingwithstrangers,2.0,1,0,0
2024-08-27 22:17:37,sockheadrps,1.0,0,1,0
2024-08-27 22:09:39,codingwithstrangers,3.0,1,0,0
2024-08-27 22:09:39,sockheadrps,1.0,0,1,0
2024-08-27 22:08:57,codingwithstrangers,2.0,1,0,0
2024-08-27 22:08:57,sockheadrps,1.0,0,1,0
